• turbo 2.10.6

   • Packages in scope: @workmesh/a2a-adapter, @workmesh/agent-runner, @workmesh/agent-sdk, @workmesh/api, @workmesh/artifact-storage, @workmesh/config, @workmesh/conformance, @workmesh/contracts, @workmesh/db, @workmesh/domain, @workmesh/fake-agent, @workmesh/git-provider, @workmesh/mcp, @workmesh/observability, @workmesh/recovery, @workmesh/ui, @workmesh/web, @workmesh/worker
   • Running test in 18 packages
   • Remote caching disabled, using shared worktree cache

@workmesh/artifact-storage:build: cache miss, executing ff9fea9c3fec3a90
@workmesh/artifact-storage:build: 
@workmesh/artifact-storage:build: > @workmesh/artifact-storage@ build C:\Users\xurx\.tds\workspaces\01a11b27-cfac-7ea4-a461-8eef51b750fe\packages\artifact-storage
@workmesh/artifact-storage:build: > tsc -p tsconfig.json
@workmesh/artifact-storage:build: 
@workmesh/git-provider:build: cache miss, executing 8f4fe88b18ce5258
@workmesh/git-provider:build: 
@workmesh/git-provider:build: > @workmesh/git-provider@ build C:\Users\xurx\.tds\workspaces\01a11b27-cfac-7ea4-a461-8eef51b750fe\packages\git-provider
@workmesh/git-provider:build: > tsc -p tsconfig.json
@workmesh/git-provider:build: 
@workmesh/contracts:test: cache miss, executing f5e267667559c93a
@workmesh/contracts:test: 
@workmesh/contracts:test: > @workmesh/contracts@ test C:\Users\xurx\.tds\workspaces\01a11b27-cfac-7ea4-a461-8eef51b750fe\packages\contracts
@workmesh/contracts:test: > vitest run
@workmesh/contracts:test: 
@workmesh/contracts:test: 
@workmesh/contracts:test:  RUN  v3.2.7 C:/Users/xurx/.tds/workspaces/01a11b27-cfac-7ea4-a461-8eef51b750fe/packages/contracts
@workmesh/contracts:test: 
@workmesh/contracts:test:  ✓ src/agent-response-contract.test.ts (1 test) 11ms
@workmesh/contracts:test:  ✓ src/approval-contract.test.ts (4 tests) 18ms
@workmesh/contracts:test:  ✓ src/release-contract.test.ts (1 test) 25ms
@workmesh/contracts:test:  ✓ src/client-profile-contract.test.ts (3 tests) 35ms
@workmesh/contracts:test:  ✓ src/pi-workbench-contracts.test.ts (27 tests) 25ms
@workmesh/contracts:test:  ✓ src/stage2-contracts.test.ts (4 tests) 13ms
@workmesh/contracts:test:  ✓ src/control-plane-contracts.test.ts (5 tests) 61ms
@workmesh/contracts:test:  ✓ src/stage4-contracts.test.ts (8 tests) 80ms
@workmesh/contracts:test:  ✓ src/stage3-contracts.test.ts (8 tests) 101ms
@workmesh/contracts:test:  ✓ src/stage1-contracts.test.ts (10 tests) 131ms
@workmesh/contracts:test:  ✓ src/release-manifest.test.ts (2 tests) 170ms
@workmesh/contracts:test:  ✓ src/recovery-contract.test.ts (2 tests) 576ms
@workmesh/contracts:test:    ✓ Recovery Center public contract > publishes list/detail operations and resolvable Recovery schemas  571ms
@workmesh/contracts:test:  ✓ src/planning-domain-parity-contract.test.ts (5 tests) 612ms
@workmesh/contracts:test:    ✓ planning domain parity public contract > keeps the OpenAPI schemas and complete REST surface aligned with Zod  594ms
@workmesh/contracts:test:  ✓ src/configuration-readiness-contracts.test.ts (4 tests) 610ms
@workmesh/contracts:test:    ✓ 配置就绪契约 > OpenAPI、清单与 Human-only 只读策略一致，拒绝审计保留  601ms
@workmesh/contracts:test:  ✓ src/pagination-contract.test.ts (2 tests) 974ms
@workmesh/contracts:test:    ✓ pagination OpenAPI contract > declares the common cursor and limit on every paged collection  567ms
@workmesh/contracts:test:    ✓ pagination OpenAPI contract > keeps durable event cursors separate and documents generic cursor failures  405ms
@workmesh/contracts:test:  ✓ src/runtime-reliability-openapi.test.ts (2 tests) 1088ms
@workmesh/contracts:test:    ✓ runtime reliability OpenAPI contract > keeps the new response models in schemas and every local reference resolvable  710ms
@workmesh/contracts:test:    ✓ runtime reliability OpenAPI contract > documents the dedicated identity credential and every execution-capacity conflict  376ms
@workmesh/contracts:test:  ✓ src/stage0-route-manifest.test.ts (6 tests) 1227ms
@workmesh/contracts:test:    ✓ Stage 0 transport contract manifest > keeps parsed OpenAPI cursor boundaries in parity with runtime  549ms
@workmesh/contracts:test:    ✓ Stage 0 transport contract manifest > documents and validates the backward-compatible Run Explanation keyset cursor  591ms
@workmesh/contracts:test:  ✓ src/stage5-contracts.test.ts (66 tests) 1696ms
@workmesh/contracts:test:    ✓ Stage 5 (v1.1) Agent Connection & Coordination MCP contracts > keeps the subset-block generator in sync with the canonical capability list  1299ms
@workmesh/contracts:test:  ✓ src/repository-configuration-contracts.test.ts (1 test) 4ms
@workmesh/contracts:test:  ✓ src/route-policy.test.ts (14 tests) 2202ms
@workmesh/contracts:test:    ✓ routePolicyManifest > parses OPENAPI.yaml as valid YAML before checking generated extensions  620ms
@workmesh/contracts:test:    ✓ routePolicyManifest > matches OpenAPI operation IDs and feature tiers  657ms
@workmesh/contracts:test:    ✓ routePolicyManifest > documents bootstrap authentication failures as a structured 401 response  446ms
@workmesh/contracts:test:    ✓ routePolicyManifest > keeps deployment feature discovery authenticated for humans and agents  431ms
@workmesh/contracts:test:  ✓ src/auth-idempotency.test.ts (2 tests) 4ms
@workmesh/contracts:test:  ✓ src/guidance-contract.test.ts (2 tests) 4ms
@workmesh/contracts:test:  ✓ src/human-attention-contract.test.ts (3 tests) 5ms
@workmesh/contracts:test:  ✓ src/autonomous-control-contracts.test.ts (3 tests) 5ms
@workmesh/contracts:test:  ✓ src/active-executor-contract.test.ts (2 tests) 5ms
@workmesh/contracts:test: 
@workmesh/contracts:test:  Test Files  25 passed (25)
@workmesh/contracts:test:       Tests  187 passed (187)
@workmesh/contracts:test:    Start at  23:23:32
@workmesh/contracts:test:    Duration  5.06s (transform 1.70s, setup 0ms, collect 13.72s, tests 9.68s, environment 4ms, prepare 19.21s)
@workmesh/contracts:test: 
@workmesh/ui:build: cache miss, executing 5a11fdd3f42833f3
@workmesh/ui:build: 
@workmesh/ui:build: > @workmesh/ui@ build C:\Users\xurx\.tds\workspaces\01a11b27-cfac-7ea4-a461-8eef51b750fe\packages\ui
@workmesh/ui:build: > tsc -p tsconfig.json
@workmesh/ui:build: 
@workmesh/observability:test: cache miss, executing 8311a2539b2e9ac7
@workmesh/observability:test: 
@workmesh/observability:test: > @workmesh/observability@ test C:\Users\xurx\.tds\workspaces\01a11b27-cfac-7ea4-a461-8eef51b750fe\packages\observability
@workmesh/observability:test: > vitest run
@workmesh/observability:test: 
@workmesh/observability:test: 
@workmesh/observability:test:  RUN  v3.2.7 C:/Users/xurx/.tds/workspaces/01a11b27-cfac-7ea4-a461-8eef51b750fe/packages/observability
@workmesh/observability:test: 
@workmesh/observability:test:  ✓ src/workbench-slo.test.ts (13 tests) 5ms
@workmesh/observability:test:  ✓ src/index.test.ts (3 tests) 5ms
@workmesh/observability:test: 
@workmesh/observability:test:  Test Files  2 passed (2)
@workmesh/observability:test:       Tests  16 passed (16)
@workmesh/observability:test:    Start at  23:23:44
@workmesh/observability:test:    Duration  1.51s (transform 78ms, setup 0ms, collect 133ms, tests 10ms, environment 0ms, prepare 1.14s)
@workmesh/observability:test: 
@workmesh/artifact-storage:test: cache miss, executing 56459e8ddc6d8746
@workmesh/artifact-storage:test: 
@workmesh/artifact-storage:test: > @workmesh/artifact-storage@ test C:\Users\xurx\.tds\workspaces\01a11b27-cfac-7ea4-a461-8eef51b750fe\packages\artifact-storage
@workmesh/artifact-storage:test: > vitest run
@workmesh/artifact-storage:test: 
@workmesh/artifact-storage:test: 
@workmesh/artifact-storage:test:  RUN  v3.2.7 C:/Users/xurx/.tds/workspaces/01a11b27-cfac-7ea4-a461-8eef51b750fe/packages/artifact-storage
@workmesh/artifact-storage:test: 
@workmesh/artifact-storage:test:  ✓ src/retention-upgrade.test.ts (3 tests) 5ms
@workmesh/artifact-storage:test:  ✓ src/index.test.ts (19 tests) 48ms
@workmesh/artifact-storage:test: 
@workmesh/artifact-storage:test:  Test Files  2 passed (2)
@workmesh/artifact-storage:test:       Tests  22 passed (22)
@workmesh/artifact-storage:test:    Start at  23:23:49
@workmesh/artifact-storage:test:    Duration  2.65s (transform 230ms, setup 0ms, collect 835ms, tests 53ms, environment 0ms, prepare 734ms)
@workmesh/artifact-storage:test: 
@workmesh/git-provider:test: cache miss, executing f92599e9674e604b
@workmesh/git-provider:test: 
@workmesh/git-provider:test: > @workmesh/git-provider@ test C:\Users\xurx\.tds\workspaces\01a11b27-cfac-7ea4-a461-8eef51b750fe\packages\git-provider
@workmesh/git-provider:test: > vitest run
@workmesh/git-provider:test: 
@workmesh/git-provider:test: 
@workmesh/git-provider:test:  RUN  v3.2.7 C:/Users/xurx/.tds/workspaces/01a11b27-cfac-7ea4-a461-8eef51b750fe/packages/git-provider
@workmesh/git-provider:test: 
@workmesh/git-provider:test:  ✓ src/gitea.test.ts (1 test) 3ms
@workmesh/git-provider:test:  ✓ src/index.test.ts (12 tests) 62ms
@workmesh/git-provider:test: 
@workmesh/git-provider:test:  Test Files  2 passed (2)
@workmesh/git-provider:test:       Tests  13 passed (13)
@workmesh/git-provider:test:    Start at  23:23:54
@workmesh/git-provider:test:    Duration  1.41s (transform 75ms, setup 0ms, collect 136ms, tests 65ms, environment 0ms, prepare 677ms)
@workmesh/git-provider:test: 
@workmesh/contracts:build: cache miss, executing 04f5a3298e9e3411
@workmesh/contracts:build: 
@workmesh/contracts:build: > @workmesh/contracts@ build C:\Users\xurx\.tds\workspaces\01a11b27-cfac-7ea4-a461-8eef51b750fe\packages\contracts
@workmesh/contracts:build: > tsc -p tsconfig.build.json
@workmesh/contracts:build: 
@workmesh/observability:build: cache miss, executing a3401fb0b608f9bb
@workmesh/observability:build: 
@workmesh/observability:build: > @workmesh/observability@ build C:\Users\xurx\.tds\workspaces\01a11b27-cfac-7ea4-a461-8eef51b750fe\packages\observability
@workmesh/observability:build: > tsc -p tsconfig.json
@workmesh/observability:build: 
@workmesh/ui:test: cache miss, executing b5eaafbc507ccdba
@workmesh/ui:test: 
@workmesh/ui:test: > @workmesh/ui@ test C:\Users\xurx\.tds\workspaces\01a11b27-cfac-7ea4-a461-8eef51b750fe\packages\ui
@workmesh/ui:test: > vitest run
@workmesh/ui:test: 
@workmesh/ui:test: 
@workmesh/ui:test:  RUN  v3.2.7 C:/Users/xurx/.tds/workspaces/01a11b27-cfac-7ea4-a461-8eef51b750fe/packages/ui
@workmesh/ui:test: 
@workmesh/ui:test:  ✓ src/domain/control-plane.test.tsx (5 tests) 6ms
@workmesh/ui:test:  ✓ src/primitives/controls.test.tsx (20 tests) 122ms
@workmesh/ui:test:  ✓ src/primitives/controls-ssr.test.tsx (6 tests) 93ms
@workmesh/ui:test:  ✓ src/index.test.ts (19 tests) 53ms
@workmesh/ui:test: 
@workmesh/ui:test:  Test Files  4 passed (4)
@workmesh/ui:test:       Tests  50 passed (50)
@workmesh/ui:test:    Start at  23:24:06
@workmesh/ui:test:    Duration  5.66s (transform 4.63s, setup 0ms, collect 9.93s, tests 274ms, environment 1ms, prepare 2.58s)
@workmesh/ui:test: 
@workmesh/agent-runner:test: cache miss, executing 61b8c407add8d9a7
@workmesh/agent-runner:test: 
@workmesh/agent-runner:test: > @workmesh/agent-runner@ test C:\Users\xurx\.tds\workspaces\01a11b27-cfac-7ea4-a461-8eef51b750fe\apps\agent-runner
@workmesh/agent-runner:test: > vitest run
@workmesh/agent-runner:test: 
@workmesh/agent-runner:test: 
@workmesh/agent-runner:test:  RUN  v3.2.7 C:/Users/xurx/.tds/workspaces/01a11b27-cfac-7ea4-a461-8eef51b750fe/apps/agent-runner
@workmesh/agent-runner:test: 
@workmesh/agent-runner:test:  ✓ src/model-config.test.ts (2 tests) 3ms
@workmesh/agent-runner:test:  ✓ src/configured-model.test.ts (1 test) 3ms
@workmesh/agent-runner:test: stderr | src/workmesh-tools.test.ts > Pi WorkMesh tools > validates the document base and refuses a stale or malformed write before any API mutation
@workmesh/agent-runner:test: {"tool":"workmesh_update_document","stage":"input_validation","paths":["baseContentHash"]}
@workmesh/agent-runner:test: 
@workmesh/agent-runner:test: stderr | src/workmesh-tools.test.ts > Pi WorkMesh tools > releases only a versioned lease through the exact Session API authority
@workmesh/agent-runner:test: {"tool":"workmesh_release_lease","stage":"input_validation","paths":["ifMatch"]}
@workmesh/agent-runner:test: 
@workmesh/agent-runner:test:  ✓ src/workmesh-tools.test.ts (10 tests) 187ms
@workmesh/agent-runner:test:  ✓ src/permission-matrix.test.ts (6 tests) 154ms
@workmesh/agent-runner:test:  ✓ src/egress-policy.test.ts (6 tests) 4ms
@workmesh/agent-runner:test:  ✓ src/isolation.test.ts (9 tests) 131ms
@workmesh/agent-runner:test:  ✓ src/workbench-skill.test.ts (2 tests) 218ms
@workmesh/agent-runner:test: stderr | src/model-errors.test.ts > W08 error matrix: upstream failures must not publish an answer > leaves no publishable answer when the upstream returns invalidJson
@workmesh/agent-runner:test: Could not parse message into JSON: {not json at all
@workmesh/agent-runner:test: From chunk: [ 'data: {not json at all' ]
@workmesh/agent-runner:test: 
@workmesh/agent-runner:test:  ✓ src/model-wire.test.ts (6 tests) 4967ms
@workmesh/agent-runner:test:    ✓ W08 wire fixtures against the real Pi SDK > reassembles a tool call whose arguments arrive in arbitrary fragments  2022ms
@workmesh/agent-runner:test:    ✓ W08 wire fixtures against the real Pi SDK > reassembles a tool call whose arguments are split inside a multi-byte character  557ms
@workmesh/agent-runner:test:    ✓ W08 wire fixtures against the real Pi SDK > tolerates empty deltas, usage-only chunks, and an unknown event type  498ms
@workmesh/agent-runner:test:    ✓ W08 wire fixtures against the real Pi SDK > executes a tool once even when the terminal event and [DONE] are duplicated  674ms
@workmesh/agent-runner:test:    ✓ W08 wire fixtures against the real Pi SDK > returns the assistant text when the provider omits the terminal event  611ms
@workmesh/agent-runner:test:    ✓ W08 wire fixtures against the real Pi SDK > drives the responses protocol through the same configuration path  603ms
@workmesh/agent-runner:test:  ✓ src/model-errors.test.ts (6 tests) 5174ms
@workmesh/agent-runner:test:    ✓ W08 error matrix: upstream failures must not publish an answer > leaves no publishable answer when the upstream returns status500  2262ms
@workmesh/agent-runner:test:    ✓ W08 error matrix: upstream failures must not publish an answer > leaves no publishable answer when the upstream returns status429  660ms
@workmesh/agent-runner:test:    ✓ W08 error matrix: upstream failures must not publish an answer > leaves no publishable answer when the upstream returns status401  507ms
@workmesh/agent-runner:test:    ✓ W08 error matrix: upstream failures must not publish an answer > leaves no publishable answer when the upstream returns invalidJson  596ms
@workmesh/agent-runner:test:    ✓ W08 error matrix: upstream failures must not publish an answer > leaves no publishable answer when the upstream returns abruptClose  628ms
@workmesh/agent-runner:test:    ✓ W08 error matrix: upstream failures must not publish an answer > leaves no publishable answer when the upstream returns incomplete  517ms
@workmesh/agent-runner:test: 
@workmesh/agent-runner:test:  Test Files  9 passed (9)
@workmesh/agent-runner:test:       Tests  48 passed (48)
@workmesh/agent-runner:test:    Start at  23:24:16
@workmesh/agent-runner:test:    Duration  21.11s (transform 2.26s, setup 0ms, collect 75.43s, tests 10.84s, environment 1ms, prepare 8.21s)
@workmesh/agent-runner:test: 
@workmesh/agent-sdk:build: cache miss, executing 234d7fd964aba5c1
@workmesh/agent-sdk:build: 
@workmesh/agent-sdk:build: > @workmesh/agent-sdk@ build C:\Users\xurx\.tds\workspaces\01a11b27-cfac-7ea4-a461-8eef51b750fe\packages\agent-sdk
@workmesh/agent-sdk:build: > tsc -p tsconfig.json
@workmesh/agent-sdk:build: 
@workmesh/domain:build: cache miss, executing 858fa6e571f77a59
@workmesh/domain:build: 
@workmesh/domain:build: > @workmesh/domain@ build C:\Users\xurx\.tds\workspaces\01a11b27-cfac-7ea4-a461-8eef51b750fe\packages\domain
@workmesh/domain:build: > tsc -p tsconfig.json
@workmesh/domain:build: 
@workmesh/agent-sdk:test: cache miss, executing 91f221bf62512803
@workmesh/agent-sdk:test: 
@workmesh/agent-sdk:test: > @workmesh/agent-sdk@ test C:\Users\xurx\.tds\workspaces\01a11b27-cfac-7ea4-a461-8eef51b750fe\packages\agent-sdk
@workmesh/agent-sdk:test: > vitest run
@workmesh/agent-sdk:test: 
@workmesh/agent-sdk:test: 
@workmesh/agent-sdk:test:  RUN  v3.2.7 C:/Users/xurx/.tds/workspaces/01a11b27-cfac-7ea4-a461-8eef51b750fe/packages/agent-sdk
@workmesh/agent-sdk:test: 
@workmesh/agent-sdk:test:  ✓ src/index.test.ts (33 tests) 397ms
@workmesh/agent-sdk:test: 
@workmesh/agent-sdk:test:  Test Files  1 passed (1)
@workmesh/agent-sdk:test:       Tests  33 passed (33)
@workmesh/agent-sdk:test:    Start at  23:24:59
@workmesh/agent-sdk:test:    Duration  6.29s (transform 1.90s, setup 0ms, collect 2.43s, tests 397ms, environment 0ms, prepare 1.25s)
@workmesh/agent-sdk:test: 
@workmesh/a2a-adapter:build: cache miss, executing 0032484bacbab8fd
@workmesh/a2a-adapter:build: 
@workmesh/a2a-adapter:build: > @workmesh/a2a-adapter@ build C:\Users\xurx\.tds\workspaces\01a11b27-cfac-7ea4-a461-8eef51b750fe\packages\a2a-adapter
@workmesh/a2a-adapter:build: > tsc -p tsconfig.json
@workmesh/a2a-adapter:build: 
@workmesh/domain:test: cache miss, executing 25f4f46897293030
@workmesh/domain:test: 
@workmesh/domain:test: > @workmesh/domain@ test C:\Users\xurx\.tds\workspaces\01a11b27-cfac-7ea4-a461-8eef51b750fe\packages\domain
@workmesh/domain:test: > vitest run
@workmesh/domain:test: 
@workmesh/domain:test: 
@workmesh/domain:test:  RUN  v3.2.7 C:/Users/xurx/.tds/workspaces/01a11b27-cfac-7ea4-a461-8eef51b750fe/packages/domain
@workmesh/domain:test: 
@workmesh/domain:test:  ✓ src/approval.test.ts (19 tests) 4ms
@workmesh/domain:test:  ✓ src/session-budget.test.ts (10 tests) 7ms
@workmesh/domain:test:  ✓ src/planning-domain-parity.test.ts (2 tests) 3ms
@workmesh/domain:test:  ✓ src/stage1-agent.test.ts (8 tests) 7ms
@workmesh/domain:test:  ✓ src/stage2-collaboration.test.ts (3 tests) 15ms
@workmesh/domain:test:  ✓ src/stage3-delivery.test.ts (3 tests) 16ms
@workmesh/domain:test:  ✓ src/stage4.test.ts (9 tests) 19ms
@workmesh/domain:test:  ✓ src/index.test.ts (6 tests) 5ms
@workmesh/domain:test:  ✓ src/authorization.test.ts (5 tests) 3ms
@workmesh/domain:test: 
@workmesh/domain:test:  Test Files  9 passed (9)
@workmesh/domain:test:       Tests  65 passed (65)
@workmesh/domain:test:    Start at  23:25:15
@workmesh/domain:test:    Duration  5.96s (transform 5.95s, setup 0ms, collect 12.93s, tests 78ms, environment 1ms, prepare 8.56s)
@workmesh/domain:test: 
@workmesh/web:test: cache miss, executing 3d85a9f37d8ed36d
@workmesh/web:test: 
@workmesh/web:test: > @workmesh/web@ test C:\Users\xurx\.tds\workspaces\01a11b27-cfac-7ea4-a461-8eef51b750fe\apps\web
@workmesh/web:test: > vitest run
@workmesh/web:test: 
@workmesh/web:test: 
@workmesh/web:test:  RUN  v3.2.7 C:/Users/xurx/.tds/workspaces/01a11b27-cfac-7ea4-a461-8eef51b750fe/apps/web
@workmesh/web:test: 
@workmesh/web:test:  ✓ app/operations/usage-metrics.test.tsx (24 tests) 3618ms
@workmesh/web:test:    ✓ UsageMetrics > fails a null root payload closed as unavailable  634ms
@workmesh/web:test:    ✓ UsageMetrics > formats aggregate totals and rounded duration without inventing a chart or temporal claim  435ms
@workmesh/web:test:    ✓ UsageMetrics > formats supported minor-unit currencies exactly and keeps unsupported and case-distinct buckets raw  735ms
@workmesh/web:test:    ✓ UsageMetrics > shows global and per-bucket unknown-only aggregates without presenting unknown cost as zero  342ms
@workmesh/web:test:  ❯ app/landing-screen.test.tsx (5 tests | 3 failed) 13024ms
@workmesh/web:test:    × LandingScreen > reads three independent sources, each capped, and links the attention section to its own surface 5055ms
@workmesh/web:test:      → Test timed out in 5000ms.
@workmesh/web:test: If this is a long-running test, pass a timeout value as the last argument or configure it globally with "testTimeout".
@workmesh/web:test:    × LandingScreen > shows four run rows however many the projection returns 5018ms
@workmesh/web:test:      → Test timed out in 5000ms.
@workmesh/web:test: If this is a long-running test, pass a timeout value as the last argument or configure it globally with "testTimeout".
@workmesh/web:test:    × LandingScreen > states heartbeat but no meter when a run has no measurable budget 2690ms
@workmesh/web:test:      → Found multiple elements with the text: Agent runs
@workmesh/web:test: 
@workmesh/web:test: Here are the matching elements:
@workmesh/web:test: 
@workmesh/web:test: Ignored nodes: comments, script, style
@workmesh/web:test: [36m<h2[39m
@workmesh/web:test:   [33mid[39m=[32m"_r_2_"[39m
@workmesh/web:test: [36m>[39m
@workmesh/web:test:   [0mAgent runs[0m
@workmesh/web:test: [36m</h2>[39m
@workmesh/web:test: 
@workmesh/web:test: Ignored nodes: comments, script, style
@workmesh/web:test: [36m<h2[39m
@workmesh/web:test:   [33mid[39m=[32m"_r_5_"[39m
@workmesh/web:test: [36m>[39m
@workmesh/web:test:   [0mAgent runs[0m
@workmesh/web:test: [36m</h2>[39m
@workmesh/web:test: 
@workmesh/web:test: Ignored nodes: comments, script, style
@workmesh/web:test: [36m<h2[39m
@workmesh/web:test:   [33mid[39m=[32m"_r_8_"[39m
@workmesh/web:test: [36m>[39m
@workmesh/web:test:   [0mAgent runs[0m
@workmesh/web:test: [36m</h2>[39m
@workmesh/web:test: 
@workmesh/web:test: (If this is intentional, then use the `*AllBy*` variant of the query (like `queryAllByText`, `getAllByText`, or `findAllByText`)).
@workmesh/web:test: 
@workmesh/web:test: Ignored nodes: comments, script, style
@workmesh/web:test: [36m<body>[39m
@workmesh/web:test:   [36m<div>[39m
@workmesh/web:test:     [36m<div[39m
@workmesh/web:test:       [33mclass[39m=[32m"wm-landing"[39m
@workmesh/web:test:     [36m>[39m
@workmesh/web:test:       [36m<section[39m
@workmesh/web:test:         [33maria-labelledby[39m=[32m"_r_0_"[39m
@workmesh/web:test:         [33mclass[39m=[32m"wm-control-section wm-control-section-attention"[39m
@workmesh/web:test:       [36m>[39m
@workmesh/web:test:         [36m<header>[39m
@workmesh/web:test:           [36m<div>[39m
@workmesh/web:test:             [36m<span[39m
@workmesh/web:test:               [33maria-hidden[39m=[32m"true"[39m
@workmesh/web:test:               [33mclass[39m=[32m"wm-control-section-marker"[39m
@workmesh/web:test:             [36m/>[39m
@workmesh/web:test:             [36m<h2[39m
@workmesh/web:test:               [33mid[39m=[32m"_r_0_"[39m
@workmesh/web:test:             [36m>[39m
@workmesh/web:test:               [0mNeeds you[0m
@workmesh/web:test:             [36m</h2>[39m
@workmesh/web:test:             [36m<span[39m
@workmesh/web:test:               [33mclass[39m=[32m"wm-control-section-count"[39m
@workmesh/web:test:             [36m>[39m
@workmesh/web:test:               [0m2[0m
@workmesh/web:test:             [36m</span>[39m
@workmesh/web:test:           [36m</div>[39m
@workmesh/web:test:           [36m<a[39m
@workmesh/web:test:             [33mclass[39m=[32m"wm-landing-all"[39m
@workmesh/web:test:             [33mhref[39m=[32m"/?view=inbox"[39m
@workmesh/web:test:           [36m>[39m
@workmesh/web:test:             [0mHandle all[0m
@workmesh/web:test:           [36m</a>[39m
@workmesh/web:test:         [36m</header>[39m
@workmesh/web:test:         [36m<div[39m
@workmesh/web:test:           [33mclass[39m=[32m"wm-control-section-content"[39m
@workmesh/web:test:         [36m>[39m
@workmesh/web:test:           [36m<article[39m
@workmesh/web:test:             [33mclass[39m=[32m"wm-attention-item wm-attention-risk-medium"[39m
@workmesh/web:test:           [36m>[39m
@workmesh/web:test:             [36m<span[39m
@workmesh/web:test:               [33maria-hidden[39m=[32m"true"[39m
@workmesh/web:test:               [33mclass[39m=[32m"wm-attention-rail"[39m
@workmesh/web:test:             [36m/>[39m
@workmesh/web:test:             [36m<div[39m
@workmesh/web:test:               [33mclass[39m=[32m"wm-attention-body"[39m
@workmesh/web:test:             [36m>[39m
@workmesh/web:test:               [36m<div[39m
@workmesh/web:test:                 [33mclass[39m=[32m"wm-attention-head"[39m
@workmesh/web:test:               [36m>[39m
@workmesh/web:test:                 [36m<div[39m
@workmesh/web:test:                   [33mclass[39m=[32m"wm-attention-badges"[39m
@workmesh/web:test:                 [36m>[39m
@workmesh/web:test:                   [36m<span[39m
@workmesh/web:test:                     [33maria-label[39m=[32m"Kind: approval"[39m
@workmesh/web:test:                     [33mclass[39m=[32m"wm-badge wm-badge-neutral wm-semantic-badge wm-semantic-approval"[39m
@workmesh/web:test:                     [33mdata-semantic-value[39m=[32m"approval"[39m
@workmesh/web:test:                   [36m>[39m
@workmesh/web:test:                     [0mapproval[0m
@workmesh/web:test:                   [36m</span>[39m
@workmesh/web:test:                   [36m<span[39m
@workmesh/web:test:                     [33maria-label[39m=[32m"Severity: medium"[39m
@workmesh/web:test:                     [33mclass[39m=[32m"wm-badge wm-badge-neutral wm-semantic-badge wm-semantic-medium"[39m
@workmesh/web:test:                     [33mdata-semantic-value[39m=[32m"medium"[39m
@workmesh/web:test:                   [36m>[39m
@workmesh/web:test:                     [0mmedium[0m
@workmesh/web:test:                   [36m</span>[39m
@workmesh/web:test:                   [36m<span[39m
@workmesh/web:test:                     [33maria-label[39m=[32m"Urgency: soon"[39m
@workmesh/web:test:                     [33mclass[39m=[32m"wm-badge wm-badge-neutral wm-semantic-badge wm-semantic-soon"[39m
@workmesh/web:test:                     [33mdata-semantic-value[39m=[32m"soon"[39m
@workmesh/web:test:                   [36m>[39m
@workmesh/web:test:                     [0msoon[0m
@workmesh/web:test:                   [36m</span>[39m
@workmesh/web:test:                 [36m</div>[39m
@workmesh/web:test:                 [36m<h3[39m
@workmesh/web:test:                   [33mclass[39m=[32m"wm-attention-title"[39m
@workmesh/web:test:                 [36m>[39m
@workmesh/web:test:                   [0mApprove a1[0m
@workmesh/web:test:                 [36m</h3>[39m
@workmesh/web:test:               [36m</div>[39m
@workmesh/web:test:               [36m<p[39m
@workmesh/web:test:                 [33mclass[39m=[32m"wm-attention-desc"[39m
@workmesh/web:test:               [36m>[39m
@workmesh/web:test:                 [36m<b[39m
@workmesh/web:test:                   [33mclass[39m=[32m"wm-attention-actor"[39m
@workmesh/web:test:                 [36m>[39m
@workmesh/web:test:                   [36m<span>[39m
@workmesh/web:test:                     [0mAtlas[0m
@workmesh/web:test:                   [36m</span>[39m
@workmesh/web:test:                 [36m</b>[39m
@workmesh/web:test:                 [0mA run is waiting on a Human decision.[0m
@workmesh/web:test:               [36m</p>[39m
@workmesh/web:test:               [36m<div[39m
@workmesh/web:test:                 [33mclass[39m=[32m"wm-attention-consequence"[39m
@workmesh/web:test:               [36m>[39m
@workmesh/web:test:                 [0mThe run stays blocked until this is answered.[0m
@workmesh/web:test:               [36m</div>[39m
@workmesh/web:test:             [36m</div>[39m
@workmesh/web:test:           [36m</article>[39m
@workmesh/web:test:           [36m<article[39m
@workmesh/web:test:             [33mclass[39m=[32m"wm-attention-item wm-attention-risk-medium"[39m
@workmesh/web:test:           [36m>[39m
@workmesh/web:test:             [36m<span[39m
@workmesh/web:test:               [33maria-hidden[39m=[32m"true"[39m
@workmesh/web:test:               [33mclass[39m=[32m"wm-attention-rail"[39m
@workmesh/web:test:             [36m/>[39m
@workmesh/web:test:             [36m<div[39m
@workmesh/web:test:               [33mclass[39m=[32m"wm-attention-body"[39m
@workmesh/web:test:             [36m>[39m
@workmesh/web:test:               [36m<div[39m
@workmesh/web:test:                 [33mclass[39m=[32m"wm-attention-head"[39m
@workmesh/web:test:               [36m>[39m
@workmesh/web:test:                 [36m<div[39m
@workmesh/web:test:                   [33mclass[39m=[32m"wm-attention-badges"[39m
@workmesh/web:test:                 [36m>[39m
@workmesh/web:test:                   [36m<span[39m
@workmesh/web:test:                     [33maria-label[39m=[32m"Kind: approval"[39m
@workmesh/web:test:                     [33mclass[39m=[32m"wm-badge wm-badge-neutral wm-semantic-badge wm-semantic-approval"[39m
@workmesh/web:test:                     [33mdata-semantic-value[39m=[32m"approval"[39m
@workmesh/web:test:                   [36m>[39m
@workmesh/web:test:                     [0mapproval[0m
@workmesh/web:test:                   [36m</span>[39m
@workmesh/web:test:                   [36m<span[39m
@workmesh/web:test:                     [33maria-label[39m=[32m"Severity: medium"[39m
@workmesh/web:test:                     [33mclass[39m=[32m"wm-badge wm-badge-neutral wm-semantic-badge wm-semantic-medium"[39m
@workmesh/web:test:                     [33mdata-semantic-value[39m=[32m"medium"[39m
@workmesh/web:test:                   [36m>[39m
@workmesh/web:test:                     [0mmedium[0m
@workmesh/web:test:                   [36m</span>[39m
@workmesh/web:test:                   [36m<span[39m
@workmesh/web:test:                     [33maria-label[39m=[32m"Urgency: soon"[39m
@workmesh/web:test:                     [33mclass[39m=[32m"wm-badge wm-badge-neutral wm-semantic-badge wm-semantic-soon"[39m
@workmesh/web:test:                     [33mdata-semantic-value[39m=[32m"soon"[39m
@workmesh/web:test:                   [36m>[39m
@workmesh/web:test:                     [0msoon[0m
@workmesh/web:test:                   [36m</span>[39m
@workmesh/web:test:                 [36m</div>[39m
@workmesh/web:test:                 [36m<h3[39m
@workmesh/web:test:                   [33mclass[39m=[32m"wm-attention-title"[39m
@workmesh/web:test:                 [36m>[39m
@workmesh/web:test:                   [0mApprove a2[0m
@workmesh/web:test:                 [36m</h3>[39m
@workmesh/web:test:               [36m</div>[39m
@workmesh/web:test:               [36m<p[39m
@workmesh/web:test:                 [33mclass[39m=[32m"wm-attention-desc"[39m
@workmesh/web:test:               [36m>[39m
@workmesh/web:test:                 [36m<b[39m
@workmesh/web:test:                   [33mclass[39m=[32m"wm-attention-actor"[39m
@workmesh/web:test:                 [36m>[39m
@workmesh/web:test:                   [36m<span>[39m
@workmesh/web:test:                     [0mAtlas[0m
@workmesh/web:test:                   [36m</span>[39m
@workmesh/web:test:                 [36m</b>[39m
@workmesh/web:test:                 [0mA run is waiting on a Human decision.[0m
@workmesh/web:test:               [36m</p>[39m
@workmesh/web:test:               [36m<div[39m
@workmesh/web:test:                 [33mclass[39m=[32m"wm-attention-consequence"[39m
@workmesh/web:test:               [36m>[39m
@workmesh/web:test:                 [0mThe run stays blocked until this is answered.[0m
@workmesh/web:test:               [36m</div>[39m
@workmesh/web:test:             [36m</div>[39m
@workmesh/web:test:           [36m</article>[39m
@workmesh/web:test:         [36m</div>[39m
@workmesh/web:test:       [36m</section>[39m
@workmesh/web:test:       [36m<div[39m
@workmesh/web:test:         [33mclass[39m=[32m"wm-landing-split"[39m
@workmesh/web:test:       [36m>[39m
@workmesh/web:test:         [36m<sectio...
@workmesh/web:test: 
@workmesh/web:test: Ignored nodes: comments, script, style
@workmesh/web:test: [36m<html>[39m
@workmesh/web:test:   [36m<head />[39m
@workmesh/web:test:   [36m<body>[39m
@workmesh/web:test:     [36m<div>[39m
@workmesh/web:test:       [36m<div[39m
@workmesh/web:test:         [33mclass[39m=[32m"wm-landing"[39m
@workmesh/web:test:       [36m>[39m
@workmesh/web:test:         [36m<section[39m
@workmesh/web:test:           [33maria-labelledby[39m=[32m"_r_0_"[39m
@workmesh/web:test:           [33mclass[39m=[32m"wm-control-section wm-control-section-attention"[39m
@workmesh/web:test:         [36m>[39m
@workmesh/web:test:           [36m<header>[39m
@workmesh/web:test:             [36m<div>[39m
@workmesh/web:test:               [36m<span[39m
@workmesh/web:test:                 [33maria-hidden[39m=[32m"true"[39m
@workmesh/web:test:                 [33mclass[39m=[32m"wm-control-section-marker"[39m
@workmesh/web:test:               [36m/>[39m
@workmesh/web:test:               [36m<h2[39m
@workmesh/web:test:                 [33mid[39m=[32m"_r_0_"[39m
@workmesh/web:test:               [36m>[39m
@workmesh/web:test:                 [0mNeeds you[0m
@workmesh/web:test:               [36m</h2>[39m
@workmesh/web:test:               [36m<span[39m
@workmesh/web:test:                 [33mclass[39m=[32m"wm-control-section-count"[39m
@workmesh/web:test:               [36m>[39m
@workmesh/web:test:                 [0m2[0m
@workmesh/web:test:               [36m</span>[39m
@workmesh/web:test:             [36m</div>[39m
@workmesh/web:test:             [36m<a[39m
@workmesh/web:test:               [33mclass[39m=[32m"wm-landing-all"[39m
@workmesh/web:test:               [33mhref[39m=[32m"/?view=inbox"[39m
@workmesh/web:test:             [36m>[39m
@workmesh/web:test:               [0mHandle all[0m
@workmesh/web:test:             [36m</a>[39m
@workmesh/web:test:           [36m</header>[39m
@workmesh/web:test:           [36m<div[39m
@workmesh/web:test:             [33mclass[39m=[32m"wm-control-section-content"[39m
@workmesh/web:test:           [36m>[39m
@workmesh/web:test:             [36m<article[39m
@workmesh/web:test:               [33mclass[39m=[32m"wm-attention-item wm-attention-risk-medium"[39m
@workmesh/web:test:             [36m>[39m
@workmesh/web:test:               [36m<span[39m
@workmesh/web:test:                 [33maria-hidden[39m=[32m"true"[39m
@workmesh/web:test:                 [33mclass[39m=[32m"wm-attention-rail"[39m
@workmesh/web:test:               [36m/>[39m
@workmesh/web:test:               [36m<div[39m
@workmesh/web:test:                 [33mclass[39m=[32m"wm-attention-body"[39m
@workmesh/web:test:               [36m>[39m
@workmesh/web:test:                 [36m<div[39m
@workmesh/web:test:                   [33mclass[39m=[32m"wm-attention-head"[39m
@workmesh/web:test:                 [36m>[39m
@workmesh/web:test:                   [36m<div[39m
@workmesh/web:test:                     [33mclass[39m=[32m"wm-attention-badges"[39m
@workmesh/web:test:                   [36m>[39m
@workmesh/web:test:                     [36m<span[39m
@workmesh/web:test:                       [33maria-label[39m=[32m"Kind: approval"[39m
@workmesh/web:test:                       [33mclass[39m=[32m"wm-badge wm-badge-neutral wm-semantic-badge wm-semantic-approval"[39m
@workmesh/web:test:                       [33mdata-semantic-value[39m=[32m"approval"[39m
@workmesh/web:test:                     [36m>[39m
@workmesh/web:test:                       [0mapproval[0m
@workmesh/web:test:                     [36m</span>[39m
@workmesh/web:test:                     [36m<span[39m
@workmesh/web:test:                       [33maria-label[39m=[32m"Severity: medium"[39m
@workmesh/web:test:                       [33mclass[39m=[32m"wm-badge wm-badge-neutral wm-semantic-badge wm-semantic-medium"[39m
@workmesh/web:test:                       [33mdata-semantic-value[39m=[32m"medium"[39m
@workmesh/web:test:                     [36m>[39m
@workmesh/web:test:                       [0mmedium[0m
@workmesh/web:test:                     [36m</span>[39m
@workmesh/web:test:                     [36m<span[39m
@workmesh/web:test:                       [33maria-label[39m=[32m"Urgency: soon"[39m
@workmesh/web:test:                       [33mclass[39m=[32m"wm-badge wm-badge-neutral wm-semantic-badge wm-semantic-soon"[39m
@workmesh/web:test:                       [33mdata-semantic-value[39m=[32m"soon"[39m
@workmesh/web:test:                     [36m>[39m
@workmesh/web:test:                       [0msoon[0m
@workmesh/web:test:                     [36m</span>[39m
@workmesh/web:test:                   [36m</div>[39m
@workmesh/web:test:                   [36m<h3[39m
@workmesh/web:test:                     [33mclass[39m=[32m"wm-attention-title"[39m
@workmesh/web:test:                   [36m>[39m
@workmesh/web:test:                     [0mApprove a1[0m
@workmesh/web:test:                   [36m</h3>[39m
@workmesh/web:test:                 [36m</div>[39m
@workmesh/web:test:                 [36m<p[39m
@workmesh/web:test:                   [33mclass[39m=[32m"wm-attention-desc"[39m
@workmesh/web:test:                 [36m>[39m
@workmesh/web:test:                   [36m<b[39m
@workmesh/web:test:                     [33mclass[39m=[32m"wm-attention-actor"[39m
@workmesh/web:test:                   [36m>[39m
@workmesh/web:test:                     [36m<span>[39m
@workmesh/web:test:                       [0mAtlas[0m
@workmesh/web:test:                     [36m</span>[39m
@workmesh/web:test:                   [36m</b>[39m
@workmesh/web:test:                   [0mA run is waiting on a Human decision.[0m
@workmesh/web:test:                 [36m</p>[39m
@workmesh/web:test:                 [36m<div[39m
@workmesh/web:test:                   [33mclass[39m=[32m"wm-attention-consequence"[39m
@workmesh/web:test:                 [36m>[39m
@workmesh/web:test:                   [0mThe run stays blocked until this is answered.[0m
@workmesh/web:test:                 [36m</div>[39m
@workmesh/web:test:               [36m</div>[39m
@workmesh/web:test:             [36m</article>[39m
@workmesh/web:test:             [36m<article[39m
@workmesh/web:test:               [33mclass[39m=[32m"wm-attention-item wm-attention-risk-medium"[39m
@workmesh/web:test:             [36m>[39m
@workmesh/web:test:               [36m<span[39m
@workmesh/web:test:                 [33maria-hidden[39m=[32m"true"[39m
@workmesh/web:test:                 [33mclass[39m=[32m"wm-attention-rail"[39m
@workmesh/web:test:               [36m/>[39m
@workmesh/web:test:               [36m<div[39m
@workmesh/web:test:                 [33mclass[39m=[32m"wm-attention-body"[39m
@workmesh/web:test:               [36m>[39m
@workmesh/web:test:                 [36m<div[39m
@workmesh/web:test:                   [33mclass[39m=[32m"wm-attention-head"[39m
@workmesh/web:test:                 [36m>[39m
@workmesh/web:test:                   [36m<div[39m
@workmesh/web:test:                     [33mclass[39m=[32m"wm-attention-badges"[39m
@workmesh/web:test:                   [36m>[39m
@workmesh/web:test:                     [36m<span[39m
@workmesh/web:test:                       [33maria-label[39m=[32m"Kind: approval"[39m
@workmesh/web:test:                       [33mclass[39m=[32m"wm-badge wm-badge-neutral wm-semantic-badge wm-semantic-approval"[39m
@workmesh/web:test:                       [33mdata-semantic-value[39m=[32m"approval"[39m
@workmesh/web:test:                     [36m>[39m
@workmesh/web:test:                       [0mapproval[0m
@workmesh/web:test:                     [36m</span>[39m
@workmesh/web:test:                     [36m<span[39m
@workmesh/web:test:                       [33maria-label[39m=[32m"Severity: medium"[39m
@workmesh/web:test:                       [33mclass[39m=[32m"wm-badge wm-badge-neutral wm-semantic-badge wm-semantic-medium"[39m
@workmesh/web:test:                       [33mdata-semantic-value[39m=[32m"medium"[39m
@workmesh/web:test:                     [36m>[39m
@workmesh/web:test:                       [0mmedium[0m
@workmesh/web:test:                     [36m</span>[39m
@workmesh/web:test:                     [36m<span[39m
@workmesh/web:test:                       [33maria-label[39m=[32m"Urgency: soon"[39m
@workmesh/web:test:                       [33mclass[39m=[32m"wm-badge wm-badge-neutral wm-semantic-badge wm-semantic-soon"[39m
@workmesh/web:test:                       [33mdata-semantic-value[39m=[32m"soon"[39m
@workmesh/web:test:                     [36m>[39m
@workmesh/web:test:                       [0msoon[0m
@workmesh/web:test:                     [36m</span>[39m
@workmesh/web:test:                   [36m</div>[39m
@workmesh/web:test:                   [36m<h3[39m
@workmesh/web:test:                     [33mclass[39m=[32m"wm-attention-title"[39m
@workmesh/web:test:                   [36m>[39m
@workmesh/web:test:                     [0mApprove a2[0m
@workmesh/web:test:                   [36m</h3>[39m
@workmesh/web:test:                 [36m</div>[39m
@workmesh/web:test:                 [36m<p[39m
@workmesh/web:test:                   [33mclass[39m=[32m"wm-attention-desc"[39m
@workmesh/web:test:                 [36m>[39m
@workmesh/web:test:                   [36m<b[39m
@workmesh/web:test:                     [33mclass[39m=[32m"wm-attention-actor"[39m
@workmesh/web:test:                   [36m>[39m
@workmesh/web:test:                     [36m<span>[39m
@workmesh/web:test:                       [0mAtlas[0m
@workmesh/web:test:                     [36m</span>[39m
@workmesh/web:test:                   [36m</b>[39m
@workmesh/web:test:                   [0mA run is waiting on a Human decision.[0m
@workmesh/web:test:                 [36m</p>[39m
@workmesh/web:test:                 [36m<div[39m
@workmesh/web:test:                   [33mclass[39m=[32m"wm-attention-consequence"[39m...
@workmesh/web:test:    ✓ LandingScreen > renders the derived budget the server sent, without re-deriving it 166ms
@workmesh/web:test:    ✓ LandingScreen > keeps the three sections readable when one source fails 94ms
@workmesh/web:test: stderr | features/work-items/work-item-adaptive.test.tsx > WorkItemAdaptiveCollection persistent DOM > keeps the exact 300 card and five column nodes across list-board-list while preserving boundary focus
@workmesh/web:test: Each child in a list should have a unique "key" prop.
@workmesh/web:test: 
@workmesh/web:test: Check the render method of `AdaptiveWorkItemColumn2`. It was passed a child from WorkItemAdaptiveCollection. See https://react.dev/link/warning-keys for more information.
@workmesh/web:test: 
@workmesh/web:test:  ✓ features/work-items/work-item-adaptive.test.tsx (7 tests) 6818ms
@workmesh/web:test:    ✓ WorkItemAdaptiveCollection persistent DOM > keeps the exact 300 card and five column nodes across list-board-list while preserving boundary focus  5961ms
@workmesh/web:test:    ✓ WorkItemAdaptiveCollection persistent DOM > keeps open, project, status and board drag actions on the persistent card  416ms
@workmesh/web:test:  ✓ app/ui-overlay-contract.test.tsx (21 tests) 6931ms
@workmesh/web:test:    ✓ shared modal stack > focuses close first, supports an explicit initial target, and wraps only eligible controls  945ms
@workmesh/web:test:    ✓ shared modal stack > rejects background focus and restores invalid triggers to the parent layer, then main  332ms
@workmesh/web:test:    ✓ shared dismissal stack > orders initially open nested dismissals by DOM ownership and restores focus one layer at a time  327ms
@workmesh/web:test:    ✓ shared dismissal stack > closes a Popover before its parent Sheet, restores focus inside, and never owns inert or scroll lock  355ms
@workmesh/web:test:    ✓ shared dismissal stack > coordinates the public Work Item label menu as a dismissal layer inside a Sheet  374ms
@workmesh/web:test:    ✓ shared dismissal stack > dismisses a sibling Work Item label menu before opening the next without leaking card drag pointerdown  688ms
@workmesh/web:test:    ✓ shared dismissal stack > coordinates Space activation from sibling visible label chips and restores the actual chip  349ms
@workmesh/web:test:    ✓ shared dismissal stack > keeps a single editable label menu reachable by click, Enter, and Space without phantom open state  571ms
@workmesh/web:test:    ✓ shared dismissal stack > re-anchors one open menu between visible labels on the same card and returns to the latest chip  333ms
@workmesh/web:test:    ✓ shared dismissal stack > retires a parent dismissal when a child modal opens so Escape and depth belong to the child  324ms
@workmesh/web:test:  ✓ app/connect/page.test.tsx (4 tests) 4162ms
@workmesh/web:test:    ✓ ConnectPage MCP client state > atomically selects the first normalized advertised client without ever mounting a Codex guide  1870ms
@workmesh/web:test:    ✓ ConnectPage MCP client state > fails closed when discovery normalizes to an empty client set  316ms
@workmesh/web:test:    ✓ ConnectPage MCP client state > never renders an untrusted public failure detail  310ms
@workmesh/web:test:    ✓ ConnectPage MCP client state > keeps Config and Link copied states distinct while client switches stay local  1665ms
@workmesh/web:test:  ✓ app/agents/[id]/page.test.tsx (4 tests) 4061ms
@workmesh/web:test:    ✓ Agent detail route > renders validated definition facts and the authoritative empty Team Access projection  3007ms
@workmesh/web:test:    ✓ Agent detail route > renders not-found and general errors inside AppShell  551ms
@workmesh/web:test:  ✓ features/projects/project-repository-configuration.test.tsx (6 tests) 7222ms
@workmesh/web:test:    ✓ 项目仓库配置 > 只读成员不出现上下文写入口，服务端分页前筛选始终带 Team  1778ms
@workmesh/web:test:    ✓ 项目仓库配置 > POST 只进入等待状态，其他动作或旧上下文不能确认本次成功  1923ms
@workmesh/web:test:    ✓ 项目仓库配置 > 失权刷新移除旧写入口并清空凭证，非秘密校验输入保留  916ms
@workmesh/web:test:    ✓ 项目仓库配置 > 提交前发现并发新上下文，保留输入并要求核对后显式重提  1031ms
@workmesh/web:test:    ✓ 项目仓库配置 > 丢响应动作已落地时，同文重试仍关联原动作并确认精确结果  1262ms
@workmesh/web:test:    ✓ 项目仓库配置 > 无目标不会提交配置或伪造 Project，创建需用户显式操作  310ms
@workmesh/web:test:  ✓ features/workbench/conversation-workbench.test.tsx (8 tests) 7074ms
@workmesh/web:test:    ✓ ConversationWorkbench > 固定提示仅追加未发送草稿并聚焦，点击不自动发送或激活  2495ms
@workmesh/web:test:    ✓ ConversationWorkbench > 没有对话时提示仅展开既有创建表单，取消不会写入  306ms
@workmesh/web:test:    ✓ ConversationWorkbench > states the recorded tools for a settled turn and does not imply a count it does not have  536ms
@workmesh/web:test:    ✓ ConversationWorkbench > sends a Markdown turn with the current conversation revision and keeps the bound session on the server  911ms
@workmesh/web:test:    ✓ ConversationWorkbench > uses the service and model selected for this turn in the actual request  803ms
@workmesh/web:test:    ✓ ConversationWorkbench > shows a terminal bound session and prevents queuing a turn  551ms
@workmesh/web:test:    ✓ ConversationWorkbench > keeps the newly selected conversation draft when the previous send returns late  1372ms
@workmesh/web:test:  ✓ app/operations-content.test.tsx (43 tests) 16504ms
@workmesh/web:test:    ✓ OperationsContent section navigation > keeps the page header stable while feature authority resolves without exposing dependent anchors  1644ms
@workmesh/web:test:    ✓ OperationsContent section navigation > renders disabled and Operations-only states without a blank navigation or grid  417ms
@workmesh/web:test:    ✓ OperationsContent section navigation > uses ordinary anchors and unique focusable targets in deterministic order  419ms
@workmesh/web:test:    ✓ OperationsContent section navigation > hydrates hash state, gives one link current-location ownership, and focuses on a same-hash click  792ms
@workmesh/web:test:    ✓ OperationsContent section navigation > reanchors a still-focused direct hash after initial collection layout growth only  383ms
@workmesh/web:test:    ✓ OperationsContent section navigation > does not reanchor a direct hash during an ordinary feature refresh  393ms
@workmesh/web:test:    ✓ OperationsContent section navigation > synchronizes current location and focus on hashchange  360ms
@workmesh/web:test:    ✓ OperationsContent section navigation > clears stale current state when a refresh hides its target  696ms
@workmesh/web:test:    ✓ OperationsContent section navigation > mounts Costs and independent collection surfaces while usage is still pending  420ms
@workmesh/web:test:    ✓ OperationsContent section navigation > retains resolved Costs DOM and focus during an on to on refresh  402ms
@workmesh/web:test:    ✓ OperationsContent section navigation > retains resolved Costs and focus on an ordinary refresh failure, then revokes them on 403  544ms
@workmesh/web:test:    ✓ OperationsContent section navigation > aborts superseded usage, accepts only the latest generation, and keeps collection surfaces mounted  344ms
@workmesh/web:test:    ✓ OperationsContent dry-run outcomes > emits one localized success toast and clears an earlier conflict on retry  427ms
@workmesh/web:test:    ✓ OperationsContent dry-run outcomes > keeps HTTP 401 authorization failures contextual with no toast  325ms
@workmesh/web:test:    ✓ OperationsContent dry-run outcomes > clears a contextual mutation error when its Retry action refreshes successfully  419ms
@workmesh/web:test:    ✓ OperationsContent loaded-record search > keeps six collection authorities independent and never renders false empty before initialization  306ms
@workmesh/web:test:    ✓ OperationsContent loaded-record search > keeps '规划周期' pending, new failure, refresh retention, and revoked authority states independent  451ms
@workmesh/web:test:    ✓ OperationsContent loaded-record search > keeps '主题' pending, new failure, refresh retention, and revoked authority states independent  537ms
@workmesh/web:test:    ✓ OperationsContent loaded-record search > keeps '自动化规则' pending, new failure, refresh retention, and revoked authority states independent  511ms
@workmesh/web:test:    ✓ OperationsContent loaded-record search > keeps 'Agent 循环' pending, new failure, refresh retention, and revoked authority states independent  405ms
@workmesh/web:test:    ✓ OperationsContent loaded-record search > keeps '近期运行' pending, new failure, refresh retention, and revoked authority states independent  509ms
@workmesh/web:test:    ✓ OperationsContent loaded-record search > keeps '模板与剧本' pending, new failure, refresh retention, and revoked authority states independent  384ms
@workmesh/web:test:    ✓ OperationsContent loaded-record search > synchronously clears Operations local projections and aborts an old authority refresh  435ms
@workmesh/web:test:    ✓ OperationsContent loaded-record search > retains exact collection controls and focus during refresh and ordinary failure, then revokes them on 403  769ms
@workmesh/web:test:    ✓ OperationsContent loaded-record search > distinguishes initial loading, exhausted server-empty, and loaded no-match states  484ms
@workmesh/web:test:    ✓ OperationsContent loaded-record search > matches localized rendered values and dates but not hidden raw enums or full identifiers  710ms
@workmesh/web:test:  ✓ app/settings/workbench-llm-settings.test.tsx (6 tests) 4622ms
@workmesh/web:test:    ✓ Agent workbench model service settings > 选择预置只填草稿并显示出处  1731ms
@workmesh/web:test:    ✓ Agent workbench model service settings > 手工编辑不被刷新覆盖  538ms
@workmesh/web:test:    ✓ Agent workbench model service settings > 模型草稿绑定新连接且显式登记  796ms
@workmesh/web:test:    ✓ Agent workbench model service settings > 目录失败仍可手工保存  335ms
@workmesh/web:test:    ✓ Agent workbench model service settings > keeps shared connections read-only for members and never renders the stored credential  452ms
@workmesh/web:test:    ✓ Agent workbench model service settings > lets a manager disable a model with the current connection revision and preserves its capabilities  759ms
@workmesh/web:test:  ✓ features/navigation/theme.test.tsx (10 tests) 3045ms
@workmesh/web:test:    ✓ coexisting reference token contract > preserves every base token declaration, scope, value, and existing CSS consumer  2567ms
@workmesh/web:test:  ✓ app/agent-control-dialog.test.tsx (2 tests) 2912ms
@workmesh/web:test:    ✓ AgentControlDialog > binds the Human reason and selected stop mode to the preview revision  2052ms
@workmesh/web:test:    ✓ AgentControlDialog > preserves the draft and reloads consequences after a stale revision  858ms
@workmesh/web:test:  ✓ app/settings/delete-team-dialog.test.tsx (7 tests) 2448ms
@workmesh/web:test:    ✓ DeleteTeamDialog > cancels without confirmation and confirms the frozen Team snapshot once  1157ms
@workmesh/web:test:    ✓ DeleteTeamDialog > blocks dismissal, repeat activation, and Tab escape while busy  429ms
@workmesh/web:test:  ✓ app/agent-session-detail.test.tsx (4 tests) 2906ms
@workmesh/web:test:    ✓ agent-session-detail approval inbox > restores the per-approval card surface styles removed by 868478f  775ms
@workmesh/web:test:  ✓ app/lib/toast-viewport.test.tsx (4 tests) 2219ms
@workmesh/web:test:    ✓ ToastViewport > renders no viewport while empty and one atomic live role per toast with unique localized close names  1177ms
@workmesh/web:test:    ✓ ToastViewport > moves focus only for a focused manual dismissal: next close, captured origin, then main fallback  504ms
@workmesh/web:test: stderr | features/work-items/work-surfaces-pagination.test.tsx > WorkSurfaces pagination ownership > does not install an observer or load another page while pagination is loading
@workmesh/web:test: Each child in a list should have a unique "key" prop.
@workmesh/web:test: 
@workmesh/web:test: Check the render method of `AdaptiveWorkItemColumn2`. It was passed a child from WorkItemAdaptiveCollection. See https://react.dev/link/warning-keys for more information.
@workmesh/web:test: 
@workmesh/web:test:  ✓ app/agents/approvals-table.test.tsx (18 tests) 4103ms
@workmesh/web:test:    ✓ ApprovalsTable > shows direct decisions on every actionable row before any bulk selection  1036ms
@workmesh/web:test:    ✓ ApprovalsTable > requires feedback and submits approve-with-requirements immediately  352ms
@workmesh/web:test:    ✓ ApprovalsTable > returns focus to the feedback opener after canceling elevated-risk confirmation  392ms
@workmesh/web:test:    ✓ ApprovalsTable > keeps bulk selection secondary and exposes tri-state selection  324ms
@workmesh/web:test:  ✓ app/attention-center-approval.test.tsx (4 tests) 4312ms
@workmesh/web:test:    ✓ Human Attention inline approval > offers direct decisions without a required text field  1941ms
@workmesh/web:test:    ✓ Human Attention inline approval > sends approve-with-requirements as the immutable approval reason  941ms
@workmesh/web:test:    ✓ Human Attention inline approval > keeps decisions fail-closed until the complete Approval scope is loaded  829ms
@workmesh/web:test:    ✓ Human Attention inline approval > keeps decisions disabled and offers retry when the full Approval read fails  593ms
@workmesh/web:test:  ✓ app/agent-connections-panel.test.tsx (11 tests) 4391ms
@workmesh/web:test:    ✓ AgentConnectionsPanel collection authority > uses the active locale for the Agent name placeholder  1285ms
@workmesh/web:test:    ✓ AgentConnectionsPanel collection authority > keeps a committed rotation result when its post-commit refresh fails  473ms
@workmesh/web:test:    ✓ AgentConnectionsPanel collection authority > lets a newer successful list revision replace an older committed local mutation result  441ms
@workmesh/web:test:    ✓ AgentConnectionsPanel collection authority > keeps a committed rotation confirmation when its post-commit refresh fails  328ms
@workmesh/web:test:    ✓ AgentConnectionsPanel collection authority > keeps a just-created result after refresh failure, then rebuilds detail without its one-time URL in a new authority scope  705ms
@workmesh/web:test:  ✓ app/project-control-center.test.tsx (7 tests) 4159ms
@workmesh/web:test:    ✓ Project Control Center > keeps a long Project description available without overwhelming the overview  875ms
@workmesh/web:test:    ✓ Project Control Center > loads one bounded projection and renders the complete Run digest  712ms
@workmesh/web:test:    ✓ Project Control Center > paginates a collection independently and restores focus after closing detail  889ms
@workmesh/web:test:    ✓ Project Control Center > keeps an unapplied filter draft when the projection refreshes with new data  708ms
@workmesh/web:test:    ✓ Project Control Center > owns server-side filters in the URL and projection request  594ms
@workmesh/web:test:  ✓ features/work-items/detail/work-item-detail-focus.test.tsx (10 tests) 3607ms
@workmesh/web:test:    ✓ WorkItemDetail focus on revision conflict > moves focus to the Save button when a revision conflict is reported  1495ms
@workmesh/web:test:    ✓ WorkItemDetail focus on revision conflict > does not move focus to the Save button while no conflict is reported  368ms
@workmesh/web:test:    ✓ WorkItemDetail tab continuity > keeps Agent executions selected when the same Issue receives a newer revision  443ms
@workmesh/web:test:    ✓ WorkItemDetail tab continuity > keeps the owning Issue in the route when returning to Overview  302ms
@workmesh/web:test:  ✓ app/operations/runs-table.test.tsx (4 tests) 796ms
@workmesh/web:test:    ✓ RunsTable > renders a captioned six-column table and associates a historical error detail with its run  713ms
@workmesh/web:test:  ✓ app/workbench/page.test.tsx (2 tests) 1313ms
@workmesh/web:test:    ✓ WorkbenchPage > renders inside the unified shell with the workbench as the only active destination  406ms
@workmesh/web:test:    ✓ WorkbenchPage > keeps the shell footer contract and theme control  906ms
@workmesh/web:test:  ✓ app/evidence-drawer.test.tsx (2 tests) 1326ms
@workmesh/web:test:    ✓ EvidenceDrawer > renders rich provenance, canonical relationships, exact-head drift, and technical IDs  1181ms
@workmesh/web:test:  ✓ app/page.test.tsx (9 tests) 5786ms
@workmesh/web:test:    ✓ Home default landing > sends a bare / to the Agent workbench  516ms
@workmesh/web:test:    ✓ Home project strip keyboard contract > updates the Work Surface layout URL without a duplicate HomePage render and reuses the latest layout on the next query render  1198ms
@workmesh/web:test:    ✓ Home project strip keyboard contract > restores the latest presentation layout from popstate and saved views  514ms
@workmesh/web:test:    ✓ Home project strip keyboard contract > localizes the release build and schema labels  490ms
@workmesh/web:test:    ✓ Home project strip keyboard contract > uses the Guidance copy contract for editor and preview chrome  797ms
@workmesh/web:test:    ✓ Home project strip keyboard contract > exposes a named project rail with ordinary project activation  708ms
@workmesh/web:test:    ✓ Home full-page WorkItem semantics > exposes only the active detail h1 and removes the obscured page content from semantics  570ms
@workmesh/web:test:    ✓ Home full-page WorkItem semantics > keeps Agent executions selected when the automatic agent projection refreshes  717ms
@workmesh/web:test:  ✓ features/command-center/keyboard.test.tsx (5 tests) 1470ms
@workmesh/web:test:    ✓ GlobalCommandCenter keyboard ownership > opens once for slash and Ctrl/Meta+K while preserving interactive contexts  1039ms
@workmesh/web:test:    ✓ GlobalCommandCenter keyboard ownership > marks a plain result navigation on the prior entry without replacing existing router state  304ms
@workmesh/web:test:  ✓ app/page-outcomes.test.tsx (13 tests) 8857ms
@workmesh/web:test:    ✓ Home mutation outcomes > retries a URL-owned Project after authority invalidates the in-flight request  992ms
@workmesh/web:test:    ✓ Home mutation outcomes > synchronously retires actor-owned dialog state when authenticated authority changes  1387ms
@workmesh/web:test:    ✓ Home mutation outcomes > keeps the exact open detail and focus when auth refresh returns a new actor object for the same authority  843ms
@workmesh/web:test:    ✓ Home mutation outcomes > ignores a completed A-authority create after switching to B without toast, refresh, URL, or focus side effects  992ms
@workmesh/web:test:    ✓ Home mutation outcomes > keeps AppShell mounted and shows a Team skeleton while either Team authority is unresolved  312ms
@workmesh/web:test:    ✓ Home mutation outcomes > retains the exact AppShell action and focus during an authenticated actor refresh  450ms
@workmesh/web:test:    ✓ Home mutation outcomes > retains resolved Team content for a network refresh failure but revokes it for 403  301ms
@workmesh/web:test:    ✓ Home mutation outcomes > keeps the exact Team selector and focused action while same-scope Team refresh is busy  577ms
@workmesh/web:test:    ✓ Home mutation outcomes > emits exactly one localized success toast while the authorized page remains rendered  848ms
@workmesh/web:test:    ✓ Home mutation outcomes > keeps a structured conflict in the top modal, preserves the form, emits no toast, and clears it on reopen  1352ms
@workmesh/web:test:  ✓ app/recovery-center.test.tsx (2 tests) 1405ms
@workmesh/web:test:    ✓ RecoveryCenter > distinguishes terminal-only assignment and opens preserved recovery context  1153ms
@workmesh/web:test:  ✓ app/collaboration-queues.test.tsx (3 tests) 2137ms
@workmesh/web:test:    ✓ ActionableCollaborationQueues > separates governed responses from informational messages and restores selection in the URL  1176ms
@workmesh/web:test:    ✓ ActionableCollaborationQueues > keeps Agent delivery body-redacted and exposes only recipient, claim, and receipt facts  381ms
@workmesh/web:test:    ✓ ActionableCollaborationQueues > preserves the reply draft when optimistic concurrency reports a conflict  573ms
@workmesh/web:test:  ✓ app/attention-center-bulk.test.tsx (5 tests) 2391ms
@workmesh/web:test:    ✓ Human Attention bulk approval recovery > uses stable default reason and retains a retryable error per item  1339ms
@workmesh/web:test:    ✓ Human Attention bulk approval recovery > does not expose retry for forbidden decisions and asks for reconfirmation after a conflict  544ms
@workmesh/web:test:  ✓ app/connect/client-picker.test.tsx (2 tests) 1058ms
@workmesh/web:test:    ✓ ClientPicker > renders only the normalized advertised subset in server order  974ms
@workmesh/web:test:  ✓ app/agents/agent-peek.test.tsx (1 test) 691ms
@workmesh/web:test:    ✓ AgentPeek > uses the shared Sheet, loaded list projection, and restores trigger focus on close  686ms
@workmesh/web:test:  ✓ app/settings/page.test.tsx (27 tests) 19442ms
@workmesh/web:test:    ✓ SettingsPage routed shared Tabs > synchronously retires actor-owned destructive state when authenticated authority changes  1857ms
@workmesh/web:test:    ✓ SettingsPage routed shared Tabs > ignores an A-authority Team create that resolves after switching to B  811ms
@workmesh/web:test:    ✓ SettingsPage routed shared Tabs > retains the exact Settings action and focus during authenticated actor refresh  581ms
@workmesh/web:test:    ✓ SettingsPage routed shared Tabs > gives workflow States an independent initialized authority and retains exact rows and focus on ordinary refresh failure  834ms
@workmesh/web:test:    ✓ SettingsPage routed shared Tabs > retains initialized empty Team authority through refresh and ordinary failure, then revokes it on 403  753ms
@workmesh/web:test:    ✓ SettingsPage routed shared Tabs > retains a resolved Team and exact selector on ordinary refresh failure but revokes it on 403  714ms
@workmesh/web:test:    ✓ SettingsPage routed shared Tabs > serially drains Team pages until the requested Team resolves, then requests its states  312ms
@workmesh/web:test:    ✓ SettingsPage routed shared Tabs > deletes an unavailable Team from the URL only after a successful empty response  302ms
@workmesh/web:test:    ✓ SettingsPage routed shared Tabs > retains the exact states scope and focused Team control while refreshing, then corrects a removed Team after success  650ms
@workmesh/web:test:    ✓ SettingsPage routed shared Tabs > refreshes the authorized Team collection before routing to a newly created Team  623ms
@workmesh/web:test:    ✓ SettingsPage routed shared Tabs > keeps create validation and update revision failures contextual without duplicating a toast  959ms
@workmesh/web:test:    ✓ SettingsPage routed shared Tabs > pushes a user Team change while preserving history state and unrelated URL state  376ms
@workmesh/web:test:    ✓ SettingsPage routed shared Tabs > posts only the selected stable preset color and reports success even when refresh has no new row  1000ms
@workmesh/web:test:    ✓ SettingsPage routed shared Tabs > renders and focuses the native custom color control only for Custom, preserving it after failure  778ms
@workmesh/web:test:    ✓ SettingsPage routed shared Tabs > resets Custom to its UI-only initial color after a successful create  783ms
@workmesh/web:test:    ✓ SettingsPage routed shared Tabs > keeps every idle dialog dismissal path mutation-free and restores trigger focus  1156ms
@workmesh/web:test:    ✓ SettingsPage routed shared Tabs > guards rapid confirmation and sends the exact encoded snapshot mutation without a body  913ms
@workmesh/web:test:    ✓ SettingsPage routed shared Tabs > maps destructive conflicts locally, keeps the snapshot, and performs no refresh on failure  1321ms
@workmesh/web:test:    ✓ SettingsPage routed shared Tabs > commits the close before one independent refresh and never relabels a refresh failure  838ms
@workmesh/web:test:    ✓ SettingsPage routed shared Tabs > waits for post-delete Team resolution before moving focus once  871ms
@workmesh/web:test:    ✓ SettingsPage routed shared Tabs > retains one post-delete focus intent across refresh failure until Team retry reconciliation completes  928ms
@workmesh/web:test:    ✓ SettingsPage routed shared Tabs > preserves a newer Team route and never resumes deleted-Team states after an in-flight delete  840ms
@workmesh/web:test:  ✓ features/work-items/work-surfaces-pagination.test.tsx (9 tests) 18502ms
@workmesh/web:test:    ✓ WorkSurfaces pagination ownership > reuses one normalized item projection for layout-only changes  1085ms
@workmesh/web:test:    ✓ WorkSurfaces pagination ownership > keeps all 300 card renders stable when a layout callback rerenders the parent with new inline handlers  16657ms
@workmesh/web:test:  ✓ app/agents/page-outcomes.test.tsx (24 tests) 19974ms
@workmesh/web:test:    ✓ Agents bulk approval outcomes > owns all Agent surface aria labels in the active locale  735ms
@workmesh/web:test:    ✓ Agents bulk approval outcomes > synchronously clears actor-owned approval selection when authenticated authority changes  938ms
@workmesh/web:test:    ✓ Agents bulk approval outcomes > revokes every A-authority Agent projection and open surface before B collections resolve  2022ms
@workmesh/web:test:    ✓ Agents bulk approval outcomes > ignores an A-authority bulk decision that settles after switching to B  898ms
@workmesh/web:test:    ✓ Agents bulk approval outcomes > retains the exact AppShell action and focus during an authenticated actor refresh  780ms
@workmesh/web:test:    ✓ Agents bulk approval outcomes > keeps 300 stable Agent cards out of Peek and four-keystroke filter rerenders  6148ms
@workmesh/web:test:    ✓ Agents bulk approval outcomes > closes a filtered Peek and transfers orphaned roving focus to the first visible Agent link  613ms
@workmesh/web:test:    ✓ Agents bulk approval outcomes > does not steal focus from a surviving filter control when a route filter hides the roving Agent  320ms
@workmesh/web:test:    ✓ Agents bulk approval outcomes > retains pending approvals for a network refresh failure but revokes them for 403  342ms
@workmesh/web:test:    ✓ Agents bulk approval outcomes > counts and renders only server-projected Human Attention items  624ms
@workmesh/web:test:    ✓ Agents bulk approval outcomes > submits a direct approval without bulk selection and reports success on that row  658ms
@workmesh/web:test:    ✓ Agents bulk approval outcomes > shows a safe per-row revision conflict and refreshes instead of replaying the decision  785ms
@workmesh/web:test:    ✓ Agents bulk approval outcomes > keeps a quorum-pending decision visible as waiting for other reviewers  621ms
@workmesh/web:test:    ✓ Agents bulk approval outcomes > emits one localized success toast only after every selected decision succeeds  526ms
@workmesh/web:test:    ✓ Agents bulk approval outcomes > keeps network-only partial aggregate detail contextual, retains only failed selection, and emits no toast  789ms
@workmesh/web:test:    ✓ Agents bulk approval outcomes > keeps mixed conflict and network aggregate detail contextual, retains only failed selection, and emits no toast  771ms
@workmesh/web:test:    ✓ Agents bulk approval outcomes > keeps all failed rows selected with safe contextual copy and no raw or toast output  743ms
@workmesh/web:test:    ✓ Agents bulk approval outcomes > does not relabel a committed success when the post-commit refresh fails  781ms
@workmesh/web:test:  ✓ features/rich-content/rich-content.test.ts (28 tests) 1999ms
@workmesh/web:test:    ✓ rich-content safety boundary > collapses only oversized compact content and exposes an accessible toggle  491ms
@workmesh/web:test:    ✓ edit, split, and preview views > keeps selection, value, and undo history across preview toggles  308ms
@workmesh/web:test:  ✓ app/operations/page.test.tsx (4 tests) 859ms
@workmesh/web:test:    ✓ OperationsPage navigation > marks the first-class Operations destination active without falsely marking Agents active  429ms
@workmesh/web:test:    ✓ OperationsPage navigation > fails closed before authentication and replaces the scoped content synchronously when authority changes  316ms
@workmesh/web:test:  ✓ app/lib/use-toast.test.ts (9 tests) 850ms
@workmesh/web:test:    ✓ toastStore > replaces an explicit dedupe key, resets its timer, and adopts the latest valid focus origin  459ms
@workmesh/web:test:  ✓ features/work-items/work-item-filters.test.tsx (9 tests) 1264ms
@workmesh/web:test:    ✓ WorkItemFilters compact mode > renders the More filters toggle when compact is true  462ms
@workmesh/web:test:  ✓ features/workbench/configuration-readiness.test.tsx (3 tests) 1026ms
@workmesh/web:test:    ✓ 配置投影 > 刷新期间清除旧动作，失败不冒称未配置  885ms
@workmesh/web:test:  ✓ app/lib/pagination.test.tsx (14 tests) 1328ms
@workmesh/web:test:  ✓ app/agents/team-access-drawer.test.tsx (8 tests) 1661ms
@workmesh/web:test:    ✓ TeamAccessDrawer > renders the Sheet with the team access list when an agent is selected and open is true  567ms
@workmesh/web:test:  ✓ app/lib/page-header.test.tsx (2 tests) 552ms
@workmesh/web:test:    ✓ PageHeader > renders title, description, and actions  495ms
@workmesh/web:test:  ✓ features/rich-content/artifacts.test.tsx (4 tests) 907ms
@workmesh/web:test:    ✓ WorkItemArtifacts localized copy > renders its complete empty-state and input labels from copy  518ms
@workmesh/web:test:  ✓ app/lib/use-hotkeys.test.ts (5 tests) 423ms
@workmesh/web:test:    ✓ useHotkeys > focuses only a connected, visible, enabled declared filter  315ms
@workmesh/web:test:  ✓ app/lib/skeleton-list.test.tsx (1 test) 449ms
@workmesh/web:test:    ✓ SkeletonList > owns one localized busy status while every requested cell is decorative  448ms
@workmesh/web:test:  ✓ features/work-items/work-item-card.test.tsx (32 tests) 477ms
@workmesh/web:test:  ✓ app/agents/approval-history-table.test.tsx (8 tests) 820ms
@workmesh/web:test:    ✓ ApprovalHistoryTable > renders only the selected terminal status and links to the source Session  559ms
@workmesh/web:test:  ✓ app/app-shell-anatomy.test.tsx (6 tests) 377ms
@workmesh/web:test:  ✓ e2e/playwright-config-contract.test.ts (2 tests) 581ms
@workmesh/web:test:    ✓ Playwright topology configs > preserves the mocked local list reporter when no run root is set  458ms
@workmesh/web:test:  ✓ app/lib/agents.test.ts (23 tests) 59ms
@workmesh/web:test:  ✓ app/ui-unification-contract.test.ts (2 tests) 96ms
@workmesh/web:test:  ✓ app/lib/i18n.test.ts (3 tests) 223ms
@workmesh/web:test:  ✓ app/ui-layout-contract.test.ts (14 tests) 31ms
@workmesh/web:test:  ✓ app/lib/use-current-team.test.ts (6 tests) 70ms
@workmesh/web:test:  ✓ app/agents/agent-detail-panel.test.tsx (3 tests) 230ms
@workmesh/web:test:  ✓ app/lib/use-authenticated-actor.test.ts (5 tests) 20ms
@workmesh/web:test:  ✓ app/lib/api.test.ts (16 tests) 24ms
@workmesh/web:test:  ✓ app/agents/approval-route-state.test.ts (9 tests) 52ms
@workmesh/web:test:  ✓ app/lib/realtime.test.ts (10 tests) 23ms
@workmesh/web:test:  ✓ features/command-center/integration.test.ts (6 tests) 17ms
@workmesh/web:test:  ✓ features/collaboration/view-model.test.ts (3 tests) 11ms
@workmesh/web:test:  ✓ app/lib/list-interactions.test.ts (3 tests) 22ms
@workmesh/web:test:  ✓ app/agents/filters.test.ts (9 tests) 4ms
@workmesh/web:test:  ✓ app/lib/use-media-query.test.ts (3 tests) 20ms
@workmesh/web:test:  ✓ app/lib/use-board-column-widths.test.tsx (12 tests) 40ms
@workmesh/web:test:  ✓ app/lib/model-presets.test.ts (7 tests) 22ms
@workmesh/web:test:  ✓ app/lib/workspace-navigation.test.ts (4 tests) 6ms
@workmesh/web:test: stderr | features/work-items/work-surfaces-loading.test.tsx > WorkSurfaces authenticated collection loading > retains exact row DOM and focus through refresh and ordinary failure, then revokes on 403
@workmesh/web:test: Each child in a list should have a unique "key" prop.
@workmesh/web:test: 
@workmesh/web:test: Check the render method of `AdaptiveWorkItemColumn2`. It was passed a child from WorkItemAdaptiveCollection. See https://react.dev/link/warning-keys for more information.
@workmesh/web:test: 
@workmesh/web:test:  ✓ features/work-items/work-surfaces-loading.test.tsx (5 tests) 729ms
@workmesh/web:test:    ✓ WorkSurfaces authenticated collection loading > gives initial loading exactly one named busy owner and decorative cells  323ms
@workmesh/web:test:  ✓ features/work-items/detail/detail.test.ts (4 tests) 7ms
@workmesh/web:test:  ✓ app/brand-assets.test.ts (3 tests) 8ms
@workmesh/web:test:  ✓ app/agents/agent-workspace.test.tsx (2 tests) 483ms
@workmesh/web:test:    ✓ AgentWorkspace > connects the latest authoritative Session to context, plan, approvals and evidence surfaces  463ms
@workmesh/web:test:  ✓ app/agents/agent-detail-return.test.ts (4 tests) 4ms
@workmesh/web:test:  ✓ e2e/human-control-plane-acceptance.test.ts (3 tests) 7ms
@workmesh/web:test:  ✓ app/lib/latest-request.test.ts (2 tests) 2ms
@workmesh/web:test:  ✓ features/work-items/detail/work-item-execution-workspace.test.tsx (3 tests) 957ms
@workmesh/web:test:    ✓ WorkItemExecutionWorkspace > renders responsibility, live execution, Human attention, and verified evidence from server projections  862ms
@workmesh/web:test:  ✓ app/ui-foundation.test.ts (8 tests) 36ms
@workmesh/web:test:  ✓ app/lib/configuration-readiness-navigation.test.ts (3 tests) 5ms
@workmesh/web:test:  ✓ app/work-item-conflict-placement.test.ts (1 test) 5ms
@workmesh/web:test:  ✓ app/lib/mcp-onboarding.test.ts (8 tests) 5ms
@workmesh/web:test:  ✓ app/health-routes.test.ts (1 test) 5ms
@workmesh/web:test:  ✓ app/realtime-refresh.test.ts (4 tests) 4ms
@workmesh/web:test:  ✓ e2e/playwright-run-directory.test.ts (5 tests) 13ms
@workmesh/web:test:  ✓ e2e/mocked/final-tour-server-contract.test.ts (5 tests) 5ms
@workmesh/web:test:  ✓ app/attention-route-state.test.ts (2 tests) 6ms
@workmesh/web:test:  ✓ app/lib/shortcut-scope.test.ts (20 tests) 3ms
@workmesh/web:test:  ✓ app/lib/workflow-state-patch.test.ts (2 tests) 5ms
@workmesh/web:test:  ✓ app/lib/optional-integration-boundary.test.ts (2 tests) 5ms
@workmesh/web:test:  ✓ app/settings/team-resolution.test.ts (6 tests) 6ms
@workmesh/web:test:  ✓ app/lib/product-telemetry.test.ts (3 tests) 15ms
@workmesh/web:test:  ✓ app/collaboration-queue-route.test.ts (2 tests) 4ms
@workmesh/web:test:  ✓ app/lib/human-control-plane-navigation.test.ts (4 tests) 4ms
@workmesh/web:test:  ✓ app/operations/sections.test.ts (7 tests) 4ms
@workmesh/web:test:  ✓ app/recovery-route.test.ts (2 tests) 3ms
@workmesh/web:test:  ✓ app/operations/filter.test.ts (5 tests) 3ms
@workmesh/web:test:  ✓ app/run-timeline-route-state.test.ts (2 tests) 4ms
@workmesh/web:test:  ✓ app/lib/connection-diagnostics.test.ts (3 tests) 3ms
@workmesh/web:test:  ✓ app/lib/project-work.test.ts (4 tests) 3ms
@workmesh/web:test:  ✓ features/work-items/view-model.test.ts (4 tests) 3ms
@workmesh/web:test:  ✓ app/settings/route-state.test.ts (2 tests) 3ms
@workmesh/web:test:  ✓ app/lib/canonical-route.test.ts (4 tests) 3ms
@workmesh/web:test:  ✓ app/lib/actor.test.ts (1 test) 2ms
@workmesh/web:test:  ✓ app/lib/project-work-preview-query.test.ts (2 tests) 2ms
@workmesh/web:test:  ✓ app/lib/room.test.ts (2 tests) 2ms
@workmesh/web:test:  ✓ app/lib/navigation.test.ts (2 tests) 2ms
@workmesh/web:test:  ✓ app/lib/collection-authority.test.ts (7 tests) 2ms
@workmesh/web:test:  ✓ app/settings/workflow-color-presets.test.ts (2 tests) 3ms
@workmesh/web:test:  ✓ app/lib/document-title.test.ts (2 tests) 2ms
@workmesh/web:test:  ✓ app/lib/settings-permissions.test.ts (1 test) 1ms
@workmesh/web:test:  ✓ app/agents/agent-registry-card.test.tsx (7 tests) 627ms
@workmesh/web:test:    ✓ AgentRegistryCard > uses an ordinary article, a stable encoded link, and a sibling management button  359ms
@workmesh/web:test:  ✓ app/agent-work-panel.test.tsx (10 tests) 466ms
@workmesh/web:test:  ✓ app/page-hotkeys.test.tsx (8 tests) 240ms
@workmesh/web:test:  ✓ features/command-center/registry.test.ts (10 tests) 184ms
@workmesh/web:test:  ✓ features/work-items/work-items.test.ts (15 tests) 10ms
@workmesh/web:test:  ✓ features/work-items/work-surfaces-filters.test.tsx (5 tests) 5ms
@workmesh/web:test:  ✓ features/command-center/queries.test.ts (4 tests) 17ms
@workmesh/web:test:  ✓ app/attention-center.test.ts (3 tests) 10ms
@workmesh/web:test:  ✓ app/work-room.test.ts (1 test) 2ms
@workmesh/web:test: 
@workmesh/web:test: ⎯⎯⎯⎯⎯⎯⎯ Failed Tests 3 ⎯⎯⎯⎯⎯⎯⎯
@workmesh/web:test: 
@workmesh/web:test:  FAIL  app/landing-screen.test.tsx > LandingScreen > reads three independent sources, each capped, and links the attention section to its own surface
@workmesh/web:test: Error: Test timed out in 5000ms.
@workmesh/web:test: If this is a long-running test, pass a timeout value as the last argument or configure it globally with "testTimeout".
@workmesh/web:test:  ❯ app/landing-screen.test.tsx:79:3
@workmesh/web:test:      77| 
@workmesh/web:test:      78| describe('LandingScreen', () => {
@workmesh/web:test:      79|   it('reads three independent sources, each capped, and links the atte…
@workmesh/web:test:        |   ^
@workmesh/web:test:      80|     stubFetch([runDigest()])
@workmesh/web:test:      81|     const { default: LandingScreen } = await import('./landing-screen')
@workmesh/web:test: 
@workmesh/web:test: ⎯⎯⎯⎯⎯⎯⎯⎯⎯⎯⎯⎯⎯⎯⎯⎯⎯⎯⎯⎯⎯⎯⎯⎯[1/3]⎯
@workmesh/web:test: 
@workmesh/web:test:  FAIL  app/landing-screen.test.tsx > LandingScreen > shows four run rows however many the projection returns
@workmesh/web:test: Error: Test timed out in 5000ms.
@workmesh/web:test: If this is a long-running test, pass a timeout value as the last argument or configure it globally with "testTimeout".
@workmesh/web:test:  ❯ app/landing-screen.test.tsx:99:3
@workmesh/web:test:      97|   })
@workmesh/web:test:      98| 
@workmesh/web:test:      99|   it('shows four run rows however many the projection returns', async …
@workmesh/web:test:        |   ^
@workmesh/web:test:     100|     stubFetch(Array.from({ length: 9 }, (_, index) => runDigest({ id: …
@workmesh/web:test:     101|     const { default: LandingScreen } = await import('./landing-screen')
@workmesh/web:test: 
@workmesh/web:test: ⎯⎯⎯⎯⎯⎯⎯⎯⎯⎯⎯⎯⎯⎯⎯⎯⎯⎯⎯⎯⎯⎯⎯⎯[2/3]⎯
@workmesh/web:test: 
@workmesh/web:test:  FAIL  app/landing-screen.test.tsx > LandingScreen > states heartbeat but no meter when a run has no measurable budget
@workmesh/web:test: TestingLibraryElementError: Found multiple elements with the text: Agent runs
@workmesh/web:test: 
@workmesh/web:test: Here are the matching elements:
@workmesh/web:test: 
@workmesh/web:test: Ignored nodes: comments, script, style
@workmesh/web:test: [36m<h2[39m
@workmesh/web:test:   [33mid[39m=[32m"_r_2_"[39m
@workmesh/web:test: [36m>[39m
@workmesh/web:test:   [0mAgent runs[0m
@workmesh/web:test: [36m</h2>[39m
@workmesh/web:test: 
@workmesh/web:test: Ignored nodes: comments, script, style
@workmesh/web:test: [36m<h2[39m
@workmesh/web:test:   [33mid[39m=[32m"_r_5_"[39m
@workmesh/web:test: [36m>[39m
@workmesh/web:test:   [0mAgent runs[0m
@workmesh/web:test: [36m</h2>[39m
@workmesh/web:test: 
@workmesh/web:test: Ignored nodes: comments, script, style
@workmesh/web:test: [36m<h2[39m
@workmesh/web:test:   [33mid[39m=[32m"_r_8_"[39m
@workmesh/web:test: [36m>[39m
@workmesh/web:test:   [0mAgent runs[0m
@workmesh/web:test: [36m</h2>[39m
@workmesh/web:test: 
@workmesh/web:test: (If this is intentional, then use the `*AllBy*` variant of the query (like `queryAllByText`, `getAllByText`, or `findAllByText`)).
@workmesh/web:test: 
@workmesh/web:test: Ignored nodes: comments, script, style
@workmesh/web:test: [36m<body>[39m
@workmesh/web:test:   [36m<div>[39m
@workmesh/web:test:     [36m<div[39m
@workmesh/web:test:       [33mclass[39m=[32m"wm-landing"[39m
@workmesh/web:test:     [36m>[39m
@workmesh/web:test:       [36m<section[39m
@workmesh/web:test:         [33maria-labelledby[39m=[32m"_r_0_"[39m
@workmesh/web:test:         [33mclass[39m=[32m"wm-control-section wm-control-section-attention"[39m
@workmesh/web:test:       [36m>[39m
@workmesh/web:test:         [36m<header>[39m
@workmesh/web:test:           [36m<div>[39m
@workmesh/web:test:             [36m<span[39m
@workmesh/web:test:               [33maria-hidden[39m=[32m"true"[39m
@workmesh/web:test:               [33mclass[39m=[32m"wm-control-section-marker"[39m
@workmesh/web:test:             [36m/>[39m
@workmesh/web:test:             [36m<h2[39m
@workmesh/web:test:               [33mid[39m=[32m"_r_0_"[39m
@workmesh/web:test:             [36m>[39m
@workmesh/web:test:               [0mNeeds you[0m
@workmesh/web:test:             [36m</h2>[39m
@workmesh/web:test:             [36m<span[39m
@workmesh/web:test:               [33mclass[39m=[32m"wm-control-section-count"[39m
@workmesh/web:test:             [36m>[39m
@workmesh/web:test:               [0m2[0m
@workmesh/web:test:             [36m</span>[39m
@workmesh/web:test:           [36m</div>[39m
@workmesh/web:test:           [36m<a[39m
@workmesh/web:test:             [33mclass[39m=[32m"wm-landing-all"[39m
@workmesh/web:test:             [33mhref[39m=[32m"/?view=inbox"[39m
@workmesh/web:test:           [36m>[39m
@workmesh/web:test:             [0mHandle all[0m
@workmesh/web:test:           [36m</a>[39m
@workmesh/web:test:         [36m</header>[39m
@workmesh/web:test:         [36m<div[39m
@workmesh/web:test:           [33mclass[39m=[32m"wm-control-section-content"[39m
@workmesh/web:test:         [36m>[39m
@workmesh/web:test:           [36m<article[39m
@workmesh/web:test:             [33mclass[39m=[32m"wm-attention-item wm-attention-risk-medium"[39m
@workmesh/web:test:           [36m>[39m
@workmesh/web:test:             [36m<span[39m
@workmesh/web:test:               [33maria-hidden[39m=[32m"true"[39m
@workmesh/web:test:               [33mclass[39m=[32m"wm-attention-rail"[39m
@workmesh/web:test:             [36m/>[39m
@workmesh/web:test:             [36m<div[39m
@workmesh/web:test:               [33mclass[39m=[32m"wm-attention-body"[39m
@workmesh/web:test:             [36m>[39m
@workmesh/web:test:               [36m<div[39m
@workmesh/web:test:                 [33mclass[39m=[32m"wm-attention-head"[39m
@workmesh/web:test:               [36m>[39m
@workmesh/web:test:                 [36m<div[39m
@workmesh/web:test:                   [33mclass[39m=[32m"wm-attention-badges"[39m
@workmesh/web:test:                 [36m>[39m
@workmesh/web:test:                   [36m<span[39m
@workmesh/web:test:                     [33maria-label[39m=[32m"Kind: approval"[39m
@workmesh/web:test:                     [33mclass[39m=[32m"wm-badge wm-badge-neutral wm-semantic-badge wm-semantic-approval"[39m
@workmesh/web:test:                     [33mdata-semantic-value[39m=[32m"approval"[39m
@workmesh/web:test:                   [36m>[39m
@workmesh/web:test:                     [0mapproval[0m
@workmesh/web:test:                   [36m</span>[39m
@workmesh/web:test:                   [36m<span[39m
@workmesh/web:test:                     [33maria-label[39m=[32m"Severity: medium"[39m
@workmesh/web:test:                     [33mclass[39m=[32m"wm-badge wm-badge-neutral wm-semantic-badge wm-semantic-medium"[39m
@workmesh/web:test:                     [33mdata-semantic-value[39m=[32m"medium"[39m
@workmesh/web:test:                   [36m>[39m
@workmesh/web:test:                     [0mmedium[0m
@workmesh/web:test:                   [36m</span>[39m
@workmesh/web:test:                   [36m<span[39m
@workmesh/web:test:                     [33maria-label[39m=[32m"Urgency: soon"[39m
@workmesh/web:test:                     [33mclass[39m=[32m"wm-badge wm-badge-neutral wm-semantic-badge wm-semantic-soon"[39m
@workmesh/web:test:                     [33mdata-semantic-value[39m=[32m"soon"[39m
@workmesh/web:test:                   [36m>[39m
@workmesh/web:test:                     [0msoon[0m
@workmesh/web:test:                   [36m</span>[39m
@workmesh/web:test:                 [36m</div>[39m
@workmesh/web:test:                 [36m<h3[39m
@workmesh/web:test:                   [33mclass[39m=[32m"wm-attention-title"[39m
@workmesh/web:test:                 [36m>[39m
@workmesh/web:test:                   [0mApprove a1[0m
@workmesh/web:test:                 [36m</h3>[39m
@workmesh/web:test:               [36m</div>[39m
@workmesh/web:test:               [36m<p[39m
@workmesh/web:test:                 [33mclass[39m=[32m"wm-attention-desc"[39m
@workmesh/web:test:               [36m>[39m
@workmesh/web:test:                 [36m<b[39m
@workmesh/web:test:                   [33mclass[39m=[32m"wm-attention-actor"[39m
@workmesh/web:test:                 [36m>[39m
@workmesh/web:test:                   [36m<span>[39m
@workmesh/web:test:                     [0mAtlas[0m
@workmesh/web:test:                   [36m</span>[39m
@workmesh/web:test:                 [36m</b>[39m
@workmesh/web:test:                 [0mA run is waiting on a Human decision.[0m
@workmesh/web:test:               [36m</p>[39m
@workmesh/web:test:               [36m<div[39m
@workmesh/web:test:                 [33mclass[39m=[32m"wm-attention-consequence"[39m
@workmesh/web:test:               [36m>[39m
@workmesh/web:test:                 [0mThe run stays blocked until this is answered.[0m
@workmesh/web:test:               [36m</div>[39m
@workmesh/web:test:             [36m</div>[39m
@workmesh/web:test:           [36m</article>[39m
@workmesh/web:test:           [36m<article[39m
@workmesh/web:test:             [33mclass[39m=[32m"wm-attention-item wm-attention-risk-medium"[39m
@workmesh/web:test:           [36m>[39m
@workmesh/web:test:             [36m<span[39m
@workmesh/web:test:               [33maria-hidden[39m=[32m"true"[39m
@workmesh/web:test:               [33mclass[39m=[32m"wm-attention-rail"[39m
@workmesh/web:test:             [36m/>[39m
@workmesh/web:test:             [36m<div[39m
@workmesh/web:test:               [33mclass[39m=[32m"wm-attention-body"[39m
@workmesh/web:test:             [36m>[39m
@workmesh/web:test:               [36m<div[39m
@workmesh/web:test:                 [33mclass[39m=[32m"wm-attention-head"[39m
@workmesh/web:test:               [36m>[39m
@workmesh/web:test:                 [36m<div[39m
@workmesh/web:test:                   [33mclass[39m=[32m"wm-attention-badges"[39m
@workmesh/web:test:                 [36m>[39m
@workmesh/web:test:                   [36m<span[39m
@workmesh/web:test:                     [33maria-label[39m=[32m"Kind: approval"[39m
@workmesh/web:test:                     [33mclass[39m=[32m"wm-badge wm-badge-neutral wm-semantic-badge wm-semantic-approval"[39m
@workmesh/web:test:                     [33mdata-semantic-value[39m=[32m"approval"[39m
@workmesh/web:test:                   [36m>[39m
@workmesh/web:test:                     [0mapproval[0m
@workmesh/web:test:                   [36m</span>[39m
@workmesh/web:test:                   [36m<span[39m
@workmesh/web:test:                     [33maria-label[39m=[32m"Severity: medium"[39m
@workmesh/web:test:                     [33mclass[39m=[32m"wm-badge wm-badge-neutral wm-semantic-badge wm-semantic-medium"[39m
@workmesh/web:test:                     [33mdata-semantic-value[39m=[32m"medium"[39m
@workmesh/web:test:                   [36m>[39m
@workmesh/web:test:                     [0mmedium[0m
@workmesh/web:test:                   [36m</span>[39m
@workmesh/web:test:                   [36m<span[39m
@workmesh/web:test:                     [33maria-label[39m=[32m"Urgency: soon"[39m
@workmesh/web:test:                     [33mclass[39m=[32m"wm-badge wm-badge-neutral wm-semantic-badge wm-semantic-soon"[39m
@workmesh/web:test:                     [33mdata-semantic-value[39m=[32m"soon"[39m
@workmesh/web:test:                   [36m>[39m
@workmesh/web:test:                     [0msoon[0m
@workmesh/web:test:                   [36m</span>[39m
@workmesh/web:test:                 [36m</div>[39m
@workmesh/web:test:                 [36m<h3[39m
@workmesh/web:test:                   [33mclass[39m=[32m"wm-attention-title"[39m
@workmesh/web:test:                 [36m>[39m
@workmesh/web:test:                   [0mApprove a2[0m
@workmesh/web:test:                 [36m</h3>[39m
@workmesh/web:test:               [36m</div>[39m
@workmesh/web:test:               [36m<p[39m
@workmesh/web:test:                 [33mclass[39m=[32m"wm-attention-desc"[39m
@workmesh/web:test:               [36m>[39m
@workmesh/web:test:                 [36m<b[39m
@workmesh/web:test:                   [33mclass[39m=[32m"wm-attention-actor"[39m
@workmesh/web:test:                 [36m>[39m
@workmesh/web:test:                   [36m<span>[39m
@workmesh/web:test:                     [0mAtlas[0m
@workmesh/web:test:                   [36m</span>[39m
@workmesh/web:test:                 [36m</b>[39m
@workmesh/web:test:                 [0mA run is waiting on a Human decision.[0m
@workmesh/web:test:               [36m</p>[39m
@workmesh/web:test: 
@workmesh/web:test:               [36m<div[39m
@workmesh/web:test:                 [33mclass[39m=[32m"wm-attention-consequence"[39m
@workmesh/web:test:               [36m>[39m
@workmesh/web:test:                 [0mThe run stays blocked until this is answered.[0m
@workmesh/web:test:               [36m</div>[39m
@workmesh/web:test:             [36m</div>[39m
@workmesh/web:test:           [36m</article>[39m
@workmesh/web:test:         [36m</div>[39m
@workmesh/web:test:       [36m</section>[39m
@workmesh/web:test:       [36m<div[39m
@workmesh/web:test:         [33mclass[39m=[32m"wm-landing-split"[39m
@workmesh/web:test:       [36m>[39m
@workmesh/web:test:         [36m<sectio...
@workmesh/web:test: 
@workmesh/web:test: Ignored nodes: comments, script, style
@workmesh/web:test: [36m<html>[39m
@workmesh/web:test:   [36m<head />[39m
@workmesh/web:test:   [36m<body>[39m
@workmesh/web:test:     [36m<div>[39m
@workmesh/web:test:       [36m<div[39m
@workmesh/web:test:         [33mclass[39m=[32m"wm-landing"[39m
@workmesh/web:test:       [36m>[39m
@workmesh/web:test:         [36m<section[39m
@workmesh/web:test:           [33maria-labelledby[39m=[32m"_r_0_"[39m
@workmesh/web:test:           [33mclass[39m=[32m"wm-control-section wm-control-section-attention"[39m
@workmesh/web:test:         [36m>[39m
@workmesh/web:test:           [36m<header>[39m
@workmesh/web:test:             [36m<div>[39m
@workmesh/web:test:               [36m<span[39m
@workmesh/web:test:                 [33maria-hidden[39m=[32m"true"[39m
@workmesh/web:test:                 [33mclass[39m=[32m"wm-control-section-marker"[39m
@workmesh/web:test:               [36m/>[39m
@workmesh/web:test:               [36m<h2[39m
@workmesh/web:test:                 [33mid[39m=[32m"_r_0_"[39m
@workmesh/web:test:               [36m>[39m
@workmesh/web:test:                 [0mNeeds you[0m
@workmesh/web:test:               [36m</h2>[39m
@workmesh/web:test:               [36m<span[39m
@workmesh/web:test:                 [33mclass[39m=[32m"wm-control-section-count"[39m
@workmesh/web:test:               [36m>[39m
@workmesh/web:test:                 [0m2[0m
@workmesh/web:test:               [36m</span>[39m
@workmesh/web:test:             [36m</div>[39m
@workmesh/web:test:             [36m<a[39m
@workmesh/web:test:               [33mclass[39m=[32m"wm-landing-all"[39m
@workmesh/web:test:               [33mhref[39m=[32m"/?view=inbox"[39m
@workmesh/web:test:             [36m>[39m
@workmesh/web:test:               [0mHandle all[0m
@workmesh/web:test:             [36m</a>[39m
@workmesh/web:test:           [36m</header>[39m
@workmesh/web:test:           [36m<div[39m
@workmesh/web:test:             [33mclass[39m=[32m"wm-control-section-content"[39m
@workmesh/web:test:           [36m>[39m
@workmesh/web:test:             [36m<article[39m
@workmesh/web:test:               [33mclass[39m=[32m"wm-attention-item wm-attention-risk-medium"[39m
@workmesh/web:test:             [36m>[39m
@workmesh/web:test:               [36m<span[39m
@workmesh/web:test:                 [33maria-hidden[39m=[32m"true"[39m
@workmesh/web:test:                 [33mclass[39m=[32m"wm-attention-rail"[39m
@workmesh/web:test:               [36m/>[39m
@workmesh/web:test:               [36m<div[39m
@workmesh/web:test:                 [33mclass[39m=[32m"wm-attention-body"[39m
@workmesh/web:test:               [36m>[39m
@workmesh/web:test:                 [36m<div[39m
@workmesh/web:test:                   [33mclass[39m=[32m"wm-attention-head"[39m
@workmesh/web:test:                 [36m>[39m
@workmesh/web:test:                   [36m<div[39m
@workmesh/web:test:                     [33mclass[39m=[32m"wm-attention-badges"[39m
@workmesh/web:test:                   [36m>[39m
@workmesh/web:test:                     [36m<span[39m
@workmesh/web:test:                       [33maria-label[39m=[32m"Kind: approval"[39m
@workmesh/web:test:                       [33mclass[39m=[32m"wm-badge wm-badge-neutral wm-semantic-badge wm-semantic-approval"[39m
@workmesh/web:test:                       [33mdata-semantic-value[39m=[32m"approval"[39m
@workmesh/web:test:                     [36m>[39m
@workmesh/web:test:                       [0mapproval[0m
@workmesh/web:test:                     [36m</span>[39m
@workmesh/web:test:                     [36m<span[39m
@workmesh/web:test:                       [33maria-label[39m=[32m"Severity: medium"[39m
@workmesh/web:test:                       [33mclass[39m=[32m"wm-badge wm-badge-neutral wm-semantic-badge wm-semantic-medium"[39m
@workmesh/web:test:                       [33mdata-semantic-value[39m=[32m"medium"[39m
@workmesh/web:test:                     [36m>[39m
@workmesh/web:test:                       [0mmedium[0m
@workmesh/web:test:                     [36m</span>[39m
@workmesh/web:test:                     [36m<span[39m
@workmesh/web:test:                       [33maria-label[39m=[32m"Urgency: soon"[39m
@workmesh/web:test:                       [33mclass[39m=[32m"wm-badge wm-badge-neutral wm-semantic-badge wm-semantic-soon"[39m
@workmesh/web:test:                       [33mdata-semantic-value[39m=[32m"soon"[39m
@workmesh/web:test:                     [36m>[39m
@workmesh/web:test:                       [0msoon[0m
@workmesh/web:test:                     [36m</span>[39m
@workmesh/web:test:                   [36m</div>[39m
@workmesh/web:test:                   [36m<h3[39m
@workmesh/web:test:                     [33mclass[39m=[32m"wm-attention-title"[39m
@workmesh/web:test:                   [36m>[39m
@workmesh/web:test:                     [0mApprove a1[0m
@workmesh/web:test:                   [36m</h3>[39m
@workmesh/web:test:                 [36m</div>[39m
@workmesh/web:test:                 [36m<p[39m
@workmesh/web:test:                   [33mclass[39m=[32m"wm-attention-desc"[39m
@workmesh/web:test:                 [36m>[39m
@workmesh/web:test:                   [36m<b[39m
@workmesh/web:test:                     [33mclass[39m=[32m"wm-attention-actor"[39m
@workmesh/web:test:                   [36m>[39m
@workmesh/web:test:                     [36m<span>[39m
@workmesh/web:test:                       [0mAtlas[0m
@workmesh/web:test:                     [36m</span>[39m
@workmesh/web:test:                   [36m</b>[39m
@workmesh/web:test:                   [0mA run is waiting on a Human decision.[0m
@workmesh/web:test:                 [36m</p>[39m
@workmesh/web:test:                 [36m<div[39m
@workmesh/web:test:                   [33mclass[39m=[32m"wm-attention-consequence"[39m
@workmesh/web:test:                 [36m>[39m
@workmesh/web:test:                   [0mThe run stays blocked until this is answered.[0m
@workmesh/web:test:                 [36m</div>[39m
@workmesh/web:test:               [36m</div>[39m
@workmesh/web:test:             [36m</article>[39m
@workmesh/web:test:             [36m<article[39m
@workmesh/web:test:               [33mclass[39m=[32m"wm-attention-item wm-attention-risk-medium"[39m
@workmesh/web:test:             [36m>[39m
@workmesh/web:test:               [36m<span[39m
@workmesh/web:test:                 [33maria-hidden[39m=[32m"true"[39m
@workmesh/web:test:                 [33mclass[39m=[32m"wm-attention-rail"[39m
@workmesh/web:test:               [36m/>[39m
@workmesh/web:test:               [36m<div[39m
@workmesh/web:test:                 [33mclass[39m=[32m"wm-attention-body"[39m
@workmesh/web:test:               [36m>[39m
@workmesh/web:test:                 [36m<div[39m
@workmesh/web:test:                   [33mclass[39m=[32m"wm-attention-head"[39m
@workmesh/web:test:                 [36m>[39m
@workmesh/web:test:                   [36m<div[39m
@workmesh/web:test:                     [33mclass[39m=[32m"wm-attention-badges"[39m
@workmesh/web:test:                   [36m>[39m
@workmesh/web:test:                     [36m<span[39m
@workmesh/web:test:                       [33maria-label[39m=[32m"Kind: approval"[39m
@workmesh/web:test:                       [33mclass[39m=[32m"wm-badge wm-badge-neutral wm-semantic-badge wm-semantic-approval"[39m
@workmesh/web:test:                       [33mdata-semantic-value[39m=[32m"approval"[39m
@workmesh/web:test:                     [36m>[39m
@workmesh/web:test:                       [0mapproval[0m
@workmesh/web:test:                     [36m</span>[39m
@workmesh/web:test:                     [36m<span[39m
@workmesh/web:test:                       [33maria-label[39m=[32m"Severity: medium"[39m
@workmesh/web:test:                       [33mclass[39m=[32m"wm-badge wm-badge-neutral wm-semantic-badge wm-semantic-medium"[39m
@workmesh/web:test:                       [33mdata-semantic-value[39m=[32m"medium"[39m
@workmesh/web:test:                     [36m>[39m
@workmesh/web:test:  Test Files  1 failed | 116 passed (117)
@workmesh/web:test:                       [0mmedium[0m
@workmesh/web:test:                     [36m</span>[39m
@workmesh/web:test:                     [36m<span[39m
@workmesh/web:test:                       [33maria-label[39m=[32m"Urgency: soon"[39m
@workmesh/web:test:                       [33mclass[39m=[32m"wm-badge wm-badge-neutral wm-semantic-badge wm-semantic-soon"[39m
@workmesh/web:test:                       [33mdata-semantic-value[39m=[32m"soon"[39m
@workmesh/web:test:                     [36m>[39m
@workmesh/web:test:                       [0msoon[0m
@workmesh/web:test:                     [36m</span>[39m
@workmesh/web:test:                   [36m</div>[39m
@workmesh/web:test:                   [36m<h3[39m
@workmesh/web:test:                     [33mclass[39m=[32m"wm-attention-title"[39m
@workmesh/web:test:                   [36m>[39m
@workmesh/web:test:                     [0mApprove a2[0m
@workmesh/web:test:                   [36m</h3>[39m
@workmesh/web:test:                 [36m</div>[39m
@workmesh/web:test:                 [36m<p[39m
@workmesh/web:test:                   [33mclass[39m=[32m"wm-attention-desc"[39m
@workmesh/web:test:                 [36m>[39m
@workmesh/web:test:                   [36m<b[39m
@workmesh/web:test:                     [33mclass[39m=[32m"wm-attention-actor"[39m
@workmesh/web:test:                   [36m>[39m
@workmesh/web:test:                     [36m<span>[39m
@workmesh/web:test:                       [0mAtlas[0m
@workmesh/web:test:                     [36m</span>[39m
@workmesh/web:test:                   [36m</b>[39m
@workmesh/web:test:                   [0mA run is waiting on a Human decision.[0m
@workmesh/web:test:                 [36m</p>[39m
@workmesh/web:test:                 [36m<div[39m
@workmesh/web:test:                   [33mclass[39m=[32m"wm-attention-consequence"[39m...
@workmesh/web:test:  ❯ waitForWrapper ../../node_modules/.pnpm/@testing-library+dom@10.4.1/node_modules/@testing-library/dom/dist/wait-for.js:163:27
@workmesh/web:test:  ❯ app/landing-screen.test.tsx:115:11
@workmesh/web:test:     113|     const { container } = render(<LandingScreen locale="en" />)
@workmesh/web:test:     114| 
@workmesh/web:test:     115|     await waitFor(() => expect(screen.getByText('Agent runs')).toBeTru…
@workmesh/web:test:        |           ^
@workmesh/web:test:     116|     expect(container.querySelectorAll('.wm-run-digest')).toHaveLength(…
@workmesh/web:test:     117|     expect(container.querySelectorAll('.wm-budget-chip')).toHaveLength…
@workmesh/web:test: 
@workmesh/web:test: ⎯⎯⎯⎯⎯⎯⎯⎯⎯⎯⎯⎯⎯⎯⎯⎯⎯⎯⎯⎯⎯⎯⎯⎯[3/3]⎯
@workmesh/web:test: 
@workmesh/web:test:       Tests  3 failed | 800 passed (803)
@workmesh/web:test:    Start at  23:25:26
@workmesh/web:test:    Duration  204.26s (transform 69.26s, setup 272.02s, collect 2173.65s, tests 211.76s, environment 778.67s, prepare 77.41s)
@workmesh/web:test: 
@workmesh/web:test:  ELIFECYCLE  Test failed. See above for more details.
@workmesh/config:test: cache miss, executing 94c3bdd39949fe09
@workmesh/config:build: cache miss, executing fa54a4434ea3cc18
@workmesh/a2a-adapter:test: cache miss, executing fa8a33b885b2ec83
@workmesh/fake-agent:test: cache miss, executing ff1facce6e1c8a57
@workmesh/mcp:test: cache miss, executing c42d673586fa3584
@workmesh/conformance:test: cache miss, executing c67f89d0b75f580f
@workmesh/db:build: cache miss, executing 33bd325b996bd6b2
@workmesh/db:test: cache miss, executing 351588c0b25825e1
@workmesh/web#test:  ERROR  command (C:\Users\xurx\.tds\workspaces\01a11b27-cfac-7ea4-a461-8eef51b750fe\apps\web) C:\nvm4w\nodejs\pnpm.cmd run test exited (1)

 Tasks:    16 successful, 25 total
Cached:    0 cached, 25 total
  Time:    5m24.352s 
Failed:    @workmesh/web#test

 WARNING  no output files found for task @workmesh/agent-runner#test. Please check your `outputs` key in `turbo.json`
 WARNING  no output files found for task @workmesh/agent-sdk#test. Please check your `outputs` key in `turbo.json`
 WARNING  no output files found for task @workmesh/artifact-storage#test. Please check your `outputs` key in `turbo.json`
 WARNING  no output files found for task @workmesh/contracts#test. Please check your `outputs` key in `turbo.json`
 WARNING  no output files found for task @workmesh/domain#test. Please check your `outputs` key in `turbo.json`
 WARNING  no output files found for task @workmesh/git-provider#test. Please check your `outputs` key in `turbo.json`
 WARNING  no output files found for task @workmesh/observability#test. Please check your `outputs` key in `turbo.json`
 WARNING  no output files found for task @workmesh/ui#test. Please check your `outputs` key in `turbo.json`
 ERROR  run failed: command  exited (1)
